State,Year,admission_rate_per_100k,search_PC1,search_PC2,search_PC3,log_state_population
Alaska,2016,289.53304380028953,-4.113821324702164,-0.2443193904956621,0.8724276859761874,13.517879154658825
Alaska,2017,303.6506910414949,-3.876031534195768,-0.6617447943477734,0.6032120906376509,13.515732962044742
Alaska,2018,319.02300223723364,-3.7546334292285075,-0.7412740378429593,0.43583929014605677,13.509832864596445
Alaska,2019,333.9680999123504,-3.402270186841232,-1.3901197864435202,0.09909127726955368,13.505723289338059
Alaska,2020,348.76182712902,-3.3027270118483933,-1.4911850968627223,-0.055265846234055574,13.502384857647401
Arizona,2014,223.53013342149777,0.2831331198100198,1.5667318741555927,-0.4707637514285437,15.722512505029606
Arizona,2015,209.28432079920267,1.05449868034422,1.613660512615475,-0.15935013490863298,15.737246567141865
Arizona,2016,205.91043587207463,1.0940726352456853,1.2458868140431614,-0.31529149204151713,15.753498984291735
Arizona,2017,196.5071945753231,1.349580389807022,0.16468885752858042,0.7815158280098959,15.768266932331784
Arizona,2018,244.26916619627409,2.2583404039034463,-0.6275104184742241,0.30374167632158794,15.784610867451955
Arizona,2019,220.10896285068125,2.938787881635787,-0.9511908263795427,0.44686719579879913,15.802266884104585
Arizona,2020,218.28762520715424,2.943522039821608,-1.3401090367637514,1.1422443609695014,15.819878411336612
Arkansas,2014,515.3668586773126,-2.2006616524721863,0.6757961874445937,-0.12749845309099456,14.90365457833944
Arkansas,2015,538.6390453906594,-2.796070154653169,1.312593453197629,0.4251380542778172,14.907343921551476
Arkansas,2016,491.3405407754156,-1.3713457763772474,0.2587552833526881,-0.32954820545935937,14.911390784614053
Arkansas,2017,489.37115806189047,-1.1588686686229426,0.12740586387878852,-0.93224348813251,14.915407021726477
Arkansas,2018,531.180106242661,-0.4959261301070846,-0.8511543021270739,-1.8569087083981808,14.918168319328615
Arkansas,2019,590.8668861315101,0.052690292261841604,-1.3705731532829943,-1.730941439045593,14.921093495113185
Arkansas,2020,584.0577959836622,-0.25028202788635606,-1.1771530747972496,-2.0010857486629887,14.924245439875257
California,2014,323.68660854336724,1.7338533093931434,1.9076105986239655,1.078210878788824,17.468418370969253
California,2015,312.5618826260216,2.2040436665082277,1.9094406194412437,1.196727596870254,17.476615239508952
California,2016,290.55521103299566,2.3016215499358554,1.1723343048132615,1.511929308792944,17.482890188358624
California,2017,294.88188010585753,1.7889472295212017,0.6550907805319384,1.4362515089751777,17.48769606532379
California,2018,307.95591491268084,2.7714248864923965,-0.09606559305492923,0.8374121980719008,17.490226760071923
California,2019,300.09425013331185,3.2617067023593296,-0.3903982419167822,0.7581915350782633,17.49023048748527
California,2020,270.7777606008604,3.250938326983108,-0.7403687144678419,1.4709941345635102,17.4884658428306
Colorado,2014,268.09215719280047,0.6789463361648125,1.288070926629437,-1.274846157071131,15.493099894634529
Colorado,2015,259.42700915676505,0.8924531303439355,0.9629352544383539,-1.2209709344730435,15.51191997992664
Colorado,2016,236.29813537321755,1.8855768814015688,0.5317202459354169,-0.8973737409926357,15.528198680927842
Colorado,2017,242.10398330479413,1.5783046871251585,-0.5862053115177385,0.1955691040582641,15.541383219747361
Colorado,2018,253.63536712622357,2.5139613113841985,-1.1966764800961873,-0.24836243986871814,15.55547748539451
Colorado,2019,249.19744530072663,3.222133677208354,-1.724094352276914,0.5615980476733661,15.566185150899466
Colorado,2020,246.2240339107316,3.4414852888341714,-2.0695059496421178,1.2403738318667341,15.574698452773644
Delaware,2017,172.2442486079533,-3.936194919605603,-0.5543729423997766,0.7855492213439428,13.772542512322714
Delaware,2018,170.6334638076082,-3.1336116911376837,-1.0384793342077678,0.061202215570494836,13.78193826242267
Delaware,2019,189.4195366286189,-3.2678933596805733,-1.1072423955747925,0.0827233731044975,13.791902057511923
Delaware,2020,192.5397924015691,-3.485570008005474,-0.6516167848414848,0.48197449328693726,13.802231783984885
Florida,2014,520.0494815119262,1.991899857782415,1.5139319894181011,1.5799772839231623,16.803910011991448
Florida,2015,552.447632341501,1.8413175161194784,1.7401201402305142,0.7204058042562763,16.82213880422012
Florida,2016,485.28069949455664,2.192764406575025,0.8202563690663979,1.1268454614354604,16.842122944909654
Florida,2017,498.4008982371196,1.4762962086345688,0.259007617260796,1.2969881060148758,16.858941400113977
Florida,2018,498.2374438753633,2.326959810731379,-0.6648701747063621,0.7042060626410097,16.87209923823521
Florida,2019,501.3480329662272,2.9565945454366096,-1.0623955667088023,0.6417504543492382,16.88319393644815
Florida,2020,471.6262298171581,2.9071656599500084,-1.3024746902924242,1.2209596835322367,16.894356756633197
Georgia,2014,242.77137073184105,0.8066464623316311,1.713076608422226,0.761077546327546,16.125190820606242
Georgia,2015,241.57072822674417,0.9371569356933243,1.8212525313248418,0.1401840184281442,16.136264886172132
Georgia,2016,218.75274653531545,1.7371063276212741,0.9916259764989082,0.813214945598453,16.148473729152137
Georgia,2017,224.15216005404997,0.9517320769321542,0.28271441935739217,0.9972873558202123,16.15895262086693
Georgia,2018,226.24888194551983,1.8720838167663771,-0.5412695423235779,0.5156377452885524,16.16873068373923
Georgia,2019,216.87953165312072,2.8829044391858436,-1.0282254100206691,0.9584477410245089,16.179004467681676
Georgia,2020,200.74664680737664,2.486043348062153,-1.264004155698325,1.287984246315358,16.186690029724257
Hawaii,2014,321.4786605291327,-4.157768492309338,-0.47471785386971677,1.3057096111106967,14.162876810155433
Hawaii,2015,323.2609439641208,-3.553076035054036,-0.394786537765057,0.528636544670516,14.168277174331054
Hawaii,2016,286.93701732469725,-3.057682468424827,-0.6192716345222115,0.6068248049667759,14.172404977816406
Hawaii,2017,263.0170652485722,-3.5263711556286284,-0.6337350658500946,0.3849475046491832,14.170217666985282
Hawaii,2018,291.616482866302,-1.9990961346240668,-1.5006173405799608,-1.1195258090627977,14.168349554053378
Hawaii,2019,300.2228713315414,-2.3083126691580427,-0.9644844925838005,-0.4528395346812838,14.163074623610926
Hawaii,2020,277.1843190434156,-2.293610745788299,-1.5072189897123822,-0.8135897019807148,14.156974600479758
Illinois,2014,646.0955032373847,1.1867343574358151,1.6097081672204023,0.4909051657736916,16.37158154212848
Illinois,2015,635.3237682242468,1.5972597680441818,1.5541900885419473,0.3286777180478329,16.369600005646507
Illinois,2016,598.204186353005,1.8252029429474144,0.7842151126047665,0.5460393971539245,16.366650307904457
Illinois,2017,615.4198630614513,1.4652491734817223,0.31289751718023984,0.4864201198416151,16.36338363442165
Illinois,2018,612.1959011166092,2.35977905243423,-0.6921841641677186,0.42429109239979546,16.359054365674034
Illinois,2019,577.089302082724,2.894700041121234,-1.107312624059769,0.20592892330817314,16.354512086534815
Illinois,2020,514.3979795877349,2.950382007147596,-1.299666052023281,0.9650391697496028,16.348217199322896
Indiana,2014,465.4322554255832,-0.026387033255516022,1.5281754829557193,-0.5530891206398121,15.701976843191135
Indiana,2015,430.3145970273959,0.0033232708666390263,1.572579615105044,-1.181941973360683,15.704312342347327
Indiana,2016,367.586244922715,0.47832999258836156,0.6945814840938181,-1.4702584626249187,15.70830590506988
Indiana,2017,418.0383628627026,0.5328907939114725,0.3342057965003564,-0.7275153123687231,15.711940504828672
Indiana,2018,436.6661635675312,1.3420936994696904,-0.7255996791018328,-1.1052456399850883,15.717391342239232
Indiana,2019,446.4411730186108,1.359892376157616,-0.5372572328428171,-1.9369944390344982,15.722235764655096
Indiana,2020,413.770458506521,1.5825969330042502,-0.9708885297184723,-0.44211857229554663,15.7257865715432
Iowa,2014,143.05723929104047,-1.8375594998137412,1.1329939739632378,-0.19845816794778862,14.950340015196659
Iowa,2015,144.11339995215434,-1.6320059947753283,0.8384847290918257,-0.6028489384189505,14.954157651400068
Iowa,2016,110.11071712397192,-0.5951247215003036,0.08732993682394083,-0.783174940137881,14.957568596095303
Iowa,2017,607.5577641110857,-0.6664554969016022,0.2555247059410326,-0.6956571130912379,14.960921823354015
Iowa,2018,606.3684561414648,-0.20622581161710732,-1.0334418373347571,-1.519408779378729,14.962881264266153
Iowa,2019,595.012780114926,0.5825840238758289,-1.0781904832920122,-2.1379229564147595,14.965954729288564
Iowa,2020,554.7545945850262,0.16346424591823647,-0.791103293139385,-1.2810235125260032,14.967208849823507
Kansas,2014,415.25076494015394,-0.9253539351556708,1.7125694246258905,-0.5108772579611268,14.880862813277746
Kansas,2015,401.9628153475587,-0.5458896014905604,1.81780935710421,-0.6743611434645371,14.88391000055079
Kansas,2016,374.1876437747363,-1.160060180082389,0.8915712403089553,-0.7802061346083834,14.884686140270167
Kansas,2017,389.9148439722257,-0.36038489588255274,0.5441652608205928,-1.0965962112859826,14.883970121386817
Kansas,2018,372.500470346216,0.23797428223561723,0.1662896511865576,-1.3318687805363398,14.884607523445611
Kansas,2019,415.43138772966745,1.5472460454610193,-0.3129656874563029,-2.2786967921691605,14.884568727713207
Kansas,2020,403.2527914531,0.9226159407934286,-0.4462462698736166,-1.7936177213559277,14.88497034517283
Kentucky,2014,503.7364794864922,-0.6839932022281724,1.475684431578772,-0.4558460253673773,15.300969479392961
Kentucky,2015,521.5475920079944,0.08749242134868705,1.4092910640171876,-0.3803598717745373,15.303712831360462
Kentucky,2016,481.948766594014,0.13621826257317057,0.6586112118000942,-1.2252042976952762,15.306233850952527
Kentucky,2017,501.617069793226,0.09551989386402553,0.476857087918696,-1.2567559144913536,15.309670045584014
Kentucky,2018,449.1212790974029,0.7432446526392433,-0.1305983036076861,-1.8659213802693935,15.311616937087315
Kentucky,2019,408.06333142903776,1.5052921763472846,-0.6798142700357316,-0.7234772562888331,15.313423437531938
Kentucky,2020,380.81403075235227,0.6197636395871191,-0.2814691207249642,-1.374523662018456,15.31451979998035
Louisiana,2014,474.6081415636627,-0.28662955287243647,2.0541709887523663,-0.31043195700574816,15.351503847410706
Louisiana,2015,560.3173603245598,-0.30400437099297967,2.256390750882251,0.056281769992391074,15.356026596391043
Louisiana,2016,595.9824375297189,-1.1042192278602871,1.3892671225980067,-0.43995932129093157,15.359096233380518
Louisiana,2017,460.0236259575713,-0.4405500967480181,0.9065039213886432,-0.6899352862530078,15.357455830144433
Louisiana,2018,454.5016025469241,0.34738973553451846,-0.10287321961235998,-1.5886190486036993,15.355480486063186
Louisiana,2019,549.5584748464295,0.7249623389765508,-0.33849137706953014,-1.929140486378827,15.354157912612658
Louisiana,2020,430.5410307755034,0.9537516742339726,-0.6980611204323155,-1.6040972402950924,15.35137038859719
Maine,2014,484.5190528666626,-2.8897274207393058,0.9157707245090798,0.6392281675827661,14.101604119400232
Maine,2015,406.2905820338305,-2.802277728611466,0.5573313657315769,0.45294285201323087,14.100011074630622
Maine,2016,337.74959695214767,-2.951624805253165,0.2038143077544032,0.27007017818251666,14.102453357220952
Maine,2017,348.1208585783343,-3.1323962264712306,-0.4006594910985988,0.19229445110151855,14.104998249304696
Maine,2018,328.3280713785227,-0.30927530229599953,-2.2748145996317386,-1.0481903285375285,14.10827195875933
Maine,2019,356.6731313671727,-0.6678374436311211,-1.8486596826061636,-0.5113875911403863,14.112476897914108
Maine,2020,337.0018390671789,-0.47435760060597393,-1.9668422202357325,0.8828490812701417,14.115719589405115
Maryland,2014,604.8592766789081,0.8923486222882425,1.9668964097636559,0.08022067962321153,15.600591777238911
Maryland,2015,568.5871386090205,1.3526092088611206,1.7738130976145474,-0.32469242815698757,15.605356196987055
Maryland,2016,514.3986679571581,1.2488157915599714,1.3307371843582316,-0.1632654551634101,15.608438344443867
Maryland,2017,498.491586026045,1.0904098310531367,0.2631631386596799,0.705354422345927,15.611956694257795
Maryland,2018,489.0640803038255,1.8015855382163595,-0.5109670572415681,0.4024805137551162,15.614270963348954
Maryland,2019,461.605488662672,2.563297299249708,-0.6166798680510823,0.1743480316334888,15.616387337913222
Maryland,2020,402.9193821066144,2.6381070617100573,-1.155799259164489,0.9663718510120372,15.61652737871685
Massachusetts,2014,627.5070718347035,1.1044641343833237,1.7504690955447721,-0.18496130714150394,15.727252715911186
Massachusetts,2015,540.6412137196645,1.5788524831441533,1.2885959934222728,0.11064951256207155,15.732063101679445
Massachusetts,2016,481.1579428410728,1.5211653217895063,0.5868159786739153,-0.2594260690204651,15.736436909181764
Massachusetts,2017,497.5552045877066,1.3945504350242135,0.12048686122471562,0.6996343672145107,15.741736815531176
Massachusetts,2018,500.3107881238273,2.4746023877461494,-0.8395119466087594,0.03514288182771626,15.74496025984069
Massachusetts,2019,496.0200194840145,2.918548624721622,-1.0719371762996142,0.2945489385396147,15.746290100247583
Massachusetts,2020,472.1788726718535,2.9952501422052227,-1.3346285861914824,0.8709221269016859,15.74610023128633
Michigan,2014,337.7958973756934,0.6407736069876402,1.8764062984588579,-0.6259650652648345,16.11127574819831
Michigan,2015,324.12356033021547,1.0066637154009668,1.7427235274080448,-0.7496083742845338,16.1115223943654
Michigan,2016,280.2860364209101,1.150564972167761,1.1418898270978532,-0.49384887564582347,16.113496792400273
Michigan,2017,287.16760725334257,1.138406323358329,0.5941821506785447,0.25341438008290557,16.115768144415206
Michigan,2018,282.85962773069684,2.242799795436497,-0.6399672377442082,-0.640400359698064,16.116823442043632
Michigan,2019,288.4385708469728,2.5270561925347836,-0.8015613627728093,-0.48726957880387806,16.1165739938251
Michigan,2020,276.9261796076979,2.5981282111799984,-1.131881194525816,0.3751477772712173,16.11474554561666
Minnesota,2014,582.2840757684545,0.2892238300826464,1.4025827182964015,-0.199688650617044,15.511615037948062
Minnesota,2015,557.0749244803338,1.2229527305774472,1.4103841473619152,0.1795761919383656,15.517345684361576
Minnesota,2016,502.2297189685378,1.861133582316812,0.7629944083089129,0.521917885803744,15.524858961616417
Minnesota,2017,516.2244403812842,1.7299370517942076,-0.2449796567206133,1.6177118987551167,15.53277687830347
Minnesota,2018,531.3115443301035,2.795887242613997,-0.9260723365348777,1.2411962519769164,15.539840575784194
Minnesota,2019,518.6121477936466,3.2843608309335046,-1.3932498033767877,1.0545297937052245,15.545404020593208
Minnesota,2020,468.41785417957766,3.1438410167780346,-1.5080237247310109,1.450641785694069,15.548464728570021
Mississippi,2014,541.4633950690734,-3.4377309812299557,0.149193911099908,0.6358624132549233,14.911416521168334
Mississippi,2015,478.2239231684776,-3.2935804903305694,0.6921564443951113,0.5815018332526753,14.910861199907744
Mississippi,2016,486.52525667969087,-3.091123208372404,0.049165489255799735,0.513600657152514,14.910982922225179
Mississippi,2017,526.6371393204341,-2.7628431347603826,-0.16903337711004077,0.030701672312968907,14.911009338024236
Mississippi,2018,526.3371393878195,-1.4414728847553744,-1.188656235421532,-1.3209789173702744,14.908399499482758
Mississippi,2019,532.1958332927611,-0.5232561477958017,-1.341337124060974,-1.8158827191327613,14.906838714975866
Mississippi,2020,453.3525505378548,-0.8611199267200691,-1.583307623849909,-1.827150317740433,14.902989769944368
Missouri,2014,820.2497718319296,-0.3630418839229526,1.472179957602618,-0.06242583177646251,15.617076783382712
Missouri,2015,797.4769114385841,0.6242444933663345,1.54013893045872,0.4033075772110718,15.619760199223423
Missouri,2016,769.9399676658046,0.35592196245838875,1.7793725828907019,-0.6707638853080496,15.622385871666609
Missouri,2017,781.329002179867,0.5225706363380249,0.6236990620989076,-0.4542310476394343,15.625663492150828
Missouri,2018,793.3416759359229,1.8116129881250975,-0.3205139980612657,-0.2862934451549887,15.628050281031078
Missouri,2019,781.698484237783,2.1515498879184793,-0.6144512995764106,-0.6953512944772154,15.630412658694592
Missouri,2020,732.3359908757925,1.4773788130620045,-0.4417923956123963,-0.6632867216373827,15.632214315426802
Montana,2014,449.8086846322863,-4.1931851260707536,-0.5311331846928448,0.8680752613484384,13.837914700344506
Montana,2015,412.023325367549,-3.9249438667052132,-0.49074634664050276,0.7835117153066387,13.846519764171953
Montana,2016,388.6245282530032,-4.309979474900084,-0.40159596403033737,0.9830648921368534,13.856783970580047
Montana,2017,351.0896113532891,-3.3330687206624376,-1.1813705702692694,0.027836206737824207,13.86797206972012
Montana,2018,404.9658227681203,-2.679012177266436,-1.0416599771675776,-0.4639340269587034,13.875493091333093
Montana,2019,378.4611675480295,-2.2246554934350176,-2.3451714346239627,-0.8561452532750142,13.883284153102496
Montana,2020,356.2911296464759,-2.610528875378953,-1.1185115090143776,-0.5562139520084183,13.893005715693995
Nebraska,2014,433.52101513068135,-3.6772568514140835,0.73226653115328,0.8633449439691189,14.446758398349445
Nebraska,2015,412.24930089389386,-2.542213916975804,0.6066207643964926,0.14042630448133261,14.453176212040098
Nebraska,2016,411.75295032790746,-2.314278961796885,0.6363076520349952,-0.2103918493598999,14.460770741376638
Nebraska,2017,448.6180997580592,-1.8593863678740294,0.23314419741114545,-0.48353316021184384,14.46627097873042
Nebraska,2018,433.65089389211806,-0.6920346195068181,-0.8766948608172076,-1.5821175927142501,14.470702464365175
Nebraska,2019,481.22423445244704,-0.03878665873939209,-0.5619673759122877,-1.8768811252483117,14.474361798742944
Nebraska,2020,405.1504166081736,-0.420951786304241,-1.1497483140976843,-1.4087472457399743,14.476935878559164
Nevada,2014,223.488657950609,-1.3043023064911763,1.6778263887288147,-0.055805187335042354,14.851869712008492
Nevada,2015,284.11755006308107,-0.3601198038413159,1.586922984984898,-0.7525201196448317,14.869310610007675
Nevada,2016,282.57731058329097,-0.42062344054663375,0.7148117602951256,-1.1232483406029272,14.886941765370548
Nevada,2017,242.25319698515892,-0.7320777651788826,0.24391891427859017,-0.724735967750571,14.90477832224142
Nevada,2018,288.7097971607454,0.6357332681429987,-0.592291150862007,-1.919270372776306,14.924312422791504
Nevada,2019,312.2198312330483,0.5558847636841945,-0.9113604557284147,-2.1944645508454195,14.943931132313454
Nevada,2020,358.47901655025925,0.31810116430449464,-0.6742308373754294,-1.7334382585772108,14.959178745516699
New Jersey,2014,532.858057778053,0.8256291345822209,2.27752749358198,-0.38572003175777675,15.997878317301293
New Jersey,2015,533.8030950884253,1.1074010612080931,2.0655505669188896,-0.5949257071724509,15.998220528413482
New Jersey,2016,502.6154032012319,0.9906817558648094,1.1485204044172055,0.005038104076358907,15.998589331300636
New Jersey,2017,495.6038643375273,0.8439398398454705,0.6792976758044929,-0.02176333579652484,16.00022914931875
New Jersey,2018,531.3926536230857,1.9171810979879493,-0.5845881333100362,0.0034529811876204586,16.000632189232746
New Jersey,2019,444.8189446307823,1.599030678795506,-0.6681447522597161,-0.456564240831052,16.000579104790457
New Jersey,2020,376.5886383264108,1.816057052545145,-0.9519768622950581,0.5923236599249413,15.999579083833499
New Mexico,2014,308.57759602265,-3.5561242932358,0.8877565220785051,0.894149239784228,14.552787536226448
New Mexico,2015,363.6240108589613,-2.9618324849272253,0.18107229532547942,0.1636660891609118,14.552708594655849
New Mexico,2016,363.1923653141733,-2.7081399368478425,-0.01991195509622448,-0.07861693016090397,14.553896365349205
New Mexico,2017,358.3640252211823,-1.9305979584201216,0.20268008334814155,-0.43943765888564484,14.554034464488838
New Mexico,2018,353.4321606072156,-0.4124936118786837,-1.0522013187497725,-1.1319256595419414,14.55446918500145
New Mexico,2019,321.48460160199346,0.21423960305656828,-0.8222850722643421,-1.5637221101213372,14.557273601789845
New Mexico,2020,318.0904696771952,-0.2106830342952871,-1.2321646263356099,-1.6269424002694004,14.560452432190141
New York,2014,738.2934816826639,1.5401651970819892,1.6801383550478914,0.14538603364619604,16.793762486635725
New York,2015,737.3843058268214,1.9014607791670761,1.3551033358269398,0.4983832668167067,16.79396039686714
New York,2016,700.7397642469026,2.261307538335549,0.5091387877691306,0.9662003085203821,16.792895086367615
New York,2017,710.4270324835105,1.7285326495148403,0.07042503616644148,0.8602559503135994,16.790726248416284
New York,2018,725.0270644365373,2.748140825932713,-0.6991857647460038,0.4271987015988234,16.78818390623379
New York,2019,715.9690802060574,3.5304389489575523,-1.1056086068569215,0.46193159293948977,16.78403251592189
New York,2020,620.5791492852791,2.8313865107458507,-1.3131165968982352,1.082189468059472,16.777519332955706
North Carolina,2014,443.2795846354566,0.6373639001580594,1.4402185116228168,0.1199566340327355,16.11180540880113
North Carolina,2015,420.9333701828535,0.7268378995417194,1.87637570438539,-0.7440409131450795,16.121810542197412
North Carolina,2016,381.8220429801722,1.3404390427510682,1.0871826630362622,0.07822259177164094,16.13414634659252
North Carolina,2017,375.1548060980027,0.927801978350631,0.1964022773486271,0.7483493603074609,16.145298086915144
North Carolina,2018,357.9897834335031,2.1325512266372457,-0.860112931260791,0.9623437819172838,16.15648505713322
North Carolina,2019,351.38225590074603,2.2218277819339396,-0.9632092304464248,0.5219362048931059,16.16701761596545
North Carolina,2020,295.7317559212148,2.033365534834236,-1.0559609076977956,1.075273120620378,16.176442197577785
North Dakota,2014,473.7822442658812,-4.194456472423702,-0.5698702586259443,0.9655279625648374,13.512695896592248
North Dakota,2015,516.1891475864187,-4.35437394251901,-0.050827039455645186,1.0926247774655928,13.535184033685013
North Dakota,2016,429.8293643551104,-3.4912228935129352,-0.7793582383914355,0.6140151559212818,13.535947437444245
North Dakota,2017,502.1440228343387,-4.295107840846325,-0.6707888197686351,0.9122897150967224,13.536794834063988
North Dakota,2018,453.9103388934061,-3.6011227294765433,-0.9560213411567722,0.30308583181608373,13.541155287882502
North Dakota,2019,477.9213433125056,-3.56929795156584,-0.9901648039519209,0.16961989708828415,13.54596174633529
North Dakota,2020,509.59808391120447,-3.7681470899989926,-0.3959788776838614,0.5537098459142963,13.548034952822944
Ohio,2014,570.797254279967,1.0068327057513593,1.3935463339699352,-0.3190951502919042,16.267082133528973
Ohio,2015,567.0126820689338,1.2756640829599442,1.4456753258653319,-0.532342730838501,16.2684375150186
Ohio,2016,530.4955472738112,1.8418041209192688,0.8453580773706972,-0.25135072124256874,16.269963154893457
Ohio,2017,538.7586486407251,1.6525620259308262,-0.06415919323435348,0.5183637512787106,16.272163984538075
Ohio,2018,538.4862731373597,2.409392632625928,-0.8847037230393765,-0.09115416848329001,16.27346490231134
Ohio,2019,503.141664430244,3.172266513585498,-1.4125700258424165,0.2585520470795081,16.274800808185407
Ohio,2020,452.826625897732,2.9314366606317277,-1.4868947448822316,0.779795873169026,16.274519488061948
Oklahoma,2014,358.32250417419937,-0.8960840587430453,1.1559505640930259,-0.05526330819716912,15.17113615356123
Oklahoma,2015,354.1730277165327,-0.6429806130675615,1.2083348584295674,-0.1356208519069074,15.179180404005153
Oklahoma,2016,295.3049316178153,-0.9665968641802078,0.935632156590293,-0.6491956922153803,15.183677353089152
Oklahoma,2017,297.4373106379344,-0.41015167372214073,0.6787646853229147,-1.049746310708205,15.185066103519842
Oklahoma,2018,240.9034844279988,0.7580664922957873,-0.26404648365301214,-1.903087850724976,15.18757616883343
Oklahoma,2019,267.63108115887286,0.904047393675714,-0.34687656269444384,-2.1296691675746873,15.191925275732576
Oklahoma,2020,234.87841462345477,0.39561939486216546,-0.4261605602386672,-1.7473564511732564,15.196989091579432
Oregon,2014,306.3967315664539,-1.0003929435586203,0.9578412912434502,0.2794357572756776,15.193129143140695
Oregon,2015,299.85999897475256,-1.2767890945580642,0.7804045867224917,0.3500922223396561,15.206429708241359
Oregon,2016,252.85401333065903,0.3964301773657462,0.3467075543333355,0.4872126368607369,15.224854963886184
Oregon,2017,215.80336479641903,1.0041074174834694,-0.06579717118924354,1.208759680944615,15.237966631338232
Oregon,2018,228.2756843609405,2.3103260913082466,-0.8343431206686847,0.7029919159243583,15.246667857979991
Oregon,2019,215.83846364758463,3.121651537084564,-1.0532627102045613,0.47484906321107845,15.254424883056325
Oregon,2020,226.33464945360225,3.4512091102487816,-1.6737826918144527,0.631782460739025,15.260429188588107
Pennsylvania,2014,564.0071067240591,1.2820342240587945,1.7504763494791307,0.6310769145556369,16.364361177179
Pennsylvania,2015,544.1820295143691,2.0580002906907664,1.2015187634286466,0.982168777277038,16.36416150732938
Pennsylvania,2016,495.36817076134525,2.306064345873377,0.11074207736546465,1.1891150788346407,16.36405438530173
Pennsylvania,2017,497.8632132935887,2.112228378844042,-0.0968573456928778,1.1565067931299557,16.36453993933635
Pennsylvania,2018,494.5699961753774,2.8330080069425976,-0.9857414752423875,0.9178241527228141,16.365666960279828
Pennsylvania,2019,464.8843184205997,3.1746980602535304,-1.3419158141762009,0.64041229973245,16.36486845945698
Pennsylvania,2020,404.044228488302,3.0548564111912206,-1.4869014543900645,1.3277682226679175,16.36364659109278
Rhode Island,2014,799.802368361522,-3.672889619220402,0.841838098161827,1.0668752756485445,13.870482527720913
Rhode Island,2015,804.2494649375618,-3.930289762869566,0.4845392374851926,0.859841413281896,13.870837406623396
Rhode Island,2016,765.7286333350979,-3.218472966179885,0.16035997705918212,0.3701876138879973,13.871716963232277
Rhode Island,2017,813.9669150843214,-3.7480807311704045,-0.2908546421736745,0.7244739536772966,13.870523226894868
Rhode Island,2018,783.5081909645459,-2.9419436671849786,-1.1206268767101093,-0.04856961123085169,13.87315474268733
Rhode Island,2019,826.9086469128429,-2.6064316934639655,-0.7552672403798049,-0.36211999442420456,13.872040218624807
Rhode Island,2020,780.4185881518268,-2.9885479078518338,-0.849775421170173,0.412134604085479,13.871063517084524
South Carolina,2014,307.6535501976648,-0.7184886668646518,2.054300274610393,-0.005485006575208512,15.389706296352033
South Carolina,2015,287.989843149702,0.22984833717440128,2.055456783600511,-0.7884540908198883,15.403930328663744
South Carolina,2016,258.9143610023794,-0.07963060432275758,1.5067408147261407,-0.6142260088616118,15.417527200772113
South Carolina,2017,272.5228173209933,-0.3715392407278516,0.47018581352783273,-0.4847053483167086,15.430354232900534
South Carolina,2018,274.9571754199283,0.5976489686285154,-0.1414382320647774,-1.6170735299844134,15.443122713773281
South Carolina,2019,276.2858342727052,0.7450136018666309,-0.9161251136984204,-1.2418910319006993,15.45600168942329
South Carolina,2020,249.1356907957777,0.6665015489810856,-0.45782986482276894,-1.0834676508495231,15.467632410421755
South Dakota,2014,600.2330316475808,-4.163305514118511,0.10073340705866735,1.0380349529720518,13.652603317789548
South Dakota,2015,579.1756516896133,-4.267334597208917,0.4049233697839841,1.1289775567565212,13.658462518173778
South Dakota,2016,480.4948054459165,-3.881525398931359,-0.026834385908654734,0.7105537503618663,13.668972660569562
South Dakota,2017,486.41917658961785,-4.0858139373307125,-0.812499658336322,0.7037879567701906,13.680528971459587
South Dakota,2018,517.4064631458768,-3.511488161717116,-1.041323226258063,0.21558993379825084,13.686979215656706
South Dakota,2019,631.2512188221078,-3.3078459179850674,-0.41417357274170913,0.1844798232500354,13.695743430298464
South Dakota,2020,532.0835158286445,-3.5779178963601077,-0.6041374913381088,0.3320915881867957,13.702024900337761
Tennessee,2014,375.1174438473634,0.44597969924328884,1.772993970713046,0.29055158944610415,15.69415343766126
Tennessee,2015,407.8628683160904,0.7207164815799215,2.044357571967617,-0.8004001527743131,15.701876019721043
Tennessee,2016,393.909319969684,1.1434647969195204,0.9455242619879524,-0.20483084620956,15.71031942427181
Tennessee,2017,358.9114587770085,1.4069901711893804,0.16452872162102566,1.1615084505473963,15.719816859312724
Tennessee,2018,344.48775334971924,2.1756054414646826,-0.36306713272744817,-0.07065241214534305,15.72921918730286
Tennessee,2019,286.9555987453013,2.438711587222726,-0.6733529698370329,0.08811689258472866,15.73688281460229
Tennessee,2020,320.9021736257909,3.0763543942940252,-1.3114284164975434,1.3762317090215317,15.745122030853159
Texas,2014,235.32167601549557,1.3082577563990019,1.6179061901115095,1.1570805512548532,17.109979525859465
Texas,2015,228.4432320024686,2.161524934188759,1.6794545457467087,1.263948465572291,17.128551580121698
Texas,2016,187.5398723740119,2.1992481570016773,0.6441820979202708,1.4101095059692121,17.144641205804422
Texas,2017,182.21327018774576,1.7632978638924808,0.04806557782652225,1.6142920073157854,17.15805513915855
Texas,2018,181.13813017379056,2.608182094799995,-0.8174191095374285,1.0237999747502742,17.16977578828163
Texas,2019,177.49462048131298,3.377366464117288,-1.2040914987048021,1.0279604829502254,17.18235090492376
Texas,2020,173.0200503331675,3.047818424010359,-1.305424066974044,1.4878407734780157,17.195169612875084
Utah,2014,398.1857703380188,-1.02520228579737,0.7101950190193971,-0.6946391262806698,14.893350929726772
Utah,2015,400.51936804411815,-1.0859516918424257,0.7436791472429518,-0.8349842017478052,14.908649897330042
Utah,2016,369.5502425727792,-0.1736134014604161,-0.2727177998277065,-0.9630841233214157,14.928762166971683
Utah,2017,386.6552388562738,-0.5725089435178439,-0.08550899183219161,-1.3090221905477246,14.948053953426864
Utah,2018,397.76201027335287,0.34309773691583867,-0.38436012853919194,-1.9344814893260434,14.964547547234881
Utah,2019,419.8686201431424,1.142404544005525,-1.0621593835140584,-2.006243099528942,14.979717996840792
Utah,2020,486.1719467094005,1.141448844271333,-0.833725182405855,-1.6154715296796918,14.994128322843608
Vermont,2014,287.68101928581586,-4.352217791973989,0.017822317206317512,1.188138413379936,13.346615114453842
Vermont,2015,295.6168805228424,-3.943768602446701,-0.6877843412665662,1.240533328853322,13.346802089635428
Vermont,2016,248.25182665295677,-3.924235968710595,-0.09329890571657823,1.0129452057692596,13.344492013866653
Vermont,2017,263.94425497334964,-3.265467679035187,-0.8172847209682946,0.17808959116810102,13.345718106418959
Vermont,2018,312.098872922942,-3.674321627544711,-0.8564997250388912,0.3813323970598214,13.345190078526818
Vermont,2019,296.45250510379043,-4.035392217705912,-0.7730019929362613,1.1153996023894568,13.343979362583248
Vermont,2020,264.7000787683265,-4.463466580702535,-0.3142530519422899,1.115440572451932,13.342858625055998
Virginia,2014,410.6823098745344,1.1563650164905621,2.1121850710041175,-0.3812546572092073,15.933623383042349
Virginia,2015,421.8802641663629,-0.01545830409231747,1.4707432348136218,0.2685872084306792,15.939842168318702
Virginia,2016,396.7852789335172,0.04159701099342276,0.6198053752670276,0.23767717316313602,15.945841368674406
Virginia,2017,403.1396016366878,1.5852037307231366,0.2657123243151712,0.6726169544460577,15.952160421960832
Virginia,2018,401.2492186508626,1.9643685609302513,-0.03160734013472601,0.03718531813107539,15.956860602814405
Virginia,2019,443.5151079126601,2.9024132430772824,-0.46940292555685537,0.13616881288682092,15.962218381432557
Virginia,2020,412.6621270340489,3.216817165130542,-0.9874724405651871,1.390222075075365,15.966174833139824
Washington,2014,249.3789967057885,1.1307243475534459,1.3222834919468636,0.5459555042201754,15.769605831590393
Washington,2015,220.4460348804227,1.5888672253712341,1.2668174488530979,0.1956720066347451,15.785037758823377
Washington,2016,186.98730034311143,1.9390340014448502,0.45742927480555423,0.5301500307539816,15.803379563638595
Washington,2017,177.7071496567492,2.1085623264631352,0.2151193714596316,0.44842400105071956,15.820760604771694
Washington,2018,188.65936661204844,3.1908883139811133,-1.049111847547817,0.3513776272147729,15.833979612642096
Washington,2019,189.78138235445545,3.777429048158357,-1.0563665695330615,0.1431781356359878,15.845502368007871
Washington,2020,174.82035746018903,3.7203575042367607,-0.9543499582099682,0.9184630137524797,15.855900932117157
West Virginia,2014,653.8529500926471,-3.5865521073365887,0.8978616928330575,0.8884303164885611,14.431003717332867
West Virginia,2015,594.0329794090267,-2.997907318066621,0.8429153228718254,0.6114916923323875,14.42708536150284
West Virginia,2016,573.0080466701411,-2.6821649139706683,0.7005695325176575,0.20304996384578014,14.42115624144536
West Virginia,2017,602.0840355356046,-2.5891762439544848,0.5171542790544577,0.0775220263457796,14.413623170735413
West Virginia,2018,562.0301303522295,-1.656067518270498,-0.6583141416609675,-0.9707672832718798,14.406598988257194
West Virginia,2019,509.6746270602135,-1.4548326033031995,-1.2232366197086566,-1.2488774754468086,14.400662087277636
West Virginia,2020,490.2545793979898,-1.8419128616996086,-1.0245144303485956,-0.6272268108351564,14.394809638344665
Wisconsin,2014,416.2901370176836,0.6916714791021469,1.4168843260884691,-0.7966969063272042,15.565266605895545
Wisconsin,2015,430.3368756883438,1.1290860001044525,1.3894460265068564,-0.4914364663844487,15.566956063324868
Wisconsin,2016,393.0620224166561,1.4379215018761946,0.5915256790568422,-0.5134444218792606,15.569078251168301
Wisconsin,2017,367.6758072943773,0.9196394726691708,0.1234281829533386,-0.42690709822783746,15.572186225209943
Wisconsin,2018,352.0206068904118,1.9001676188492298,-1.108612103980342,-0.5997853833692914,15.574973910254307
Wisconsin,2019,357.9656631095009,2.1649636041658047,-1.4620767513792308,-0.8519252731856845,15.577597623498384
Wisconsin,2020,314.608012988939,2.0279535835286224,-1.3559660678396184,-1.1830375556797539,15.578982857749638
Wyoming,2014,291.5156929756721,-4.294062121525059,-0.04899042744356239,1.3692234194601856,13.276215155422035
Wyoming,2015,264.32965147709115,-4.392438122141975,-0.6590426081370658,0.9874669000169837,13.281738670852032
Wyoming,2016,299.02109038467785,-4.423492714801093,-0.6335148302984699,1.016079712309214,13.279782424581072
Wyoming,2017,241.3818073980076,-3.5981288153517315,-0.8737445013071419,0.9603329260871363,13.270773037641508
Wyoming,2018,207.2345584349646,-3.857492145583073,-1.1017234618866194,0.545839492912378,13.269151016454998
Wyoming,2019,215.47414655000037,-3.8602691066332486,-1.039334512599436,0.4734545780864351,13.270983362525268
Wyoming,2020,240.41433693725872,-3.4935962023833027,-0.9950304541637103,0.20914130588144894,13.274789141848617
