State,Year,state_population,annual_inpatient_stays,admission_rate_per_100k,suicidal thoughts_lag1,suicide hotline_lag1,self harm_lag1,mental health crisis_lag1,suicide prevention_lag1,crisis hotline_lag1,psychiatric hospital_lag1,depression help_lag1
Alaska,2014,737075.0,0.0,0.0,16.25,0.0,15.166666666666666,0.0,22.083333333333332,0.0,0.0,8.25
Alaska,2015,738430.0,261050.0,35352.030659642754,0.0,8.083333333333334,0.0,0.0,12.416666666666666,0.0,0.0,0.0
Alaska,2016,742575.0,271000.0,36494.63017203649,0.0,0.0,16.0,0.0,9.25,0.0,0.0,0.0
Alaska,2017,740983.0,275600.0,37193.835756016,0.0,0.0,6.333333333333333,0.0,12.75,0.0,0.0,13.25
Alaska,2018,736624.0,278950.0,37868.70913790482,7.666666666666667,24.333333333333332,7.5,0.0,3.6666666666666665,0.0,0.0,6.416666666666667
Alaska,2019,733603.0,282450.0,38501.75094703811,0.0,22.0,0.0,0.0,18.333333333333332,0.0,8.333333333333334,5.583333333333333
Alaska,2020,731158.0,258550.0,35361.713884003184,0.0,11.416666666666666,0.0,0.0,27.5,0.0,0.0,10.583333333333334
Alaska,2021,734590.0,269550.0,36693.938115139055,0.0,14.5,0.0,0.0,11.916666666666666,0.0,0.0,8.333333333333334
Alaska,2022,733659.0,270700.0,36897.250630061106,0.0,7.0,0.0,0.0,10.0,0.0,0.0,0.0
Alaska,2023,734654.0,278950.0,37970.25538552842,0.0,15.333333333333334,15.916666666666666,0.0,11.5,0.0,0.0,3.75
Arizona,2014,6732873.0,3427600.0,50908.430917975136,67.75,26.416666666666668,69.83333333333333,4.833333333333333,21.083333333333332,6.333333333333333,50.083333333333336,53.416666666666664
Arizona,2015,6832810.0,3366750.0,49273.28580774235,78.33333333333333,28.75,78.58333333333333,8.583333333333334,23.666666666666668,22.833333333333332,44.666666666666664,59.0
Arizona,2016,6944767.0,3356600.0,48332.79503833606,68.66666666666667,26.5,70.33333333333333,0.0,28.25,36.083333333333336,50.083333333333336,64.33333333333333
Arizona,2017,7048088.0,3249550.0,46105.411850703334,66.75,34.0,49.583333333333336,12.75,22.583333333333332,55.083333333333336,49.416666666666664,63.75
Arizona,2018,7164228.0,3557450.0,49655.734016282004,64.41666666666667,57.083333333333336,51.25,17.75,29.75,58.583333333333336,51.166666666666664,67.75
Arizona,2019,7291843.0,3504200.0,48056.43785802848,70.33333333333333,57.5,47.75,22.416666666666668,35.416666666666664,66.33333333333333,57.0,74.25
Arizona,2020,7421401.0,3286200.0,44280.049009614224,64.0,47.416666666666664,41.833333333333336,31.916666666666668,37.916666666666664,70.75,55.25,73.08333333333333
Arizona,2021,7274022.0,3388100.0,46578.082936785184,48.833333333333336,44.5,44.25,45.916666666666664,31.75,57.333333333333336,52.5,72.5
Arizona,2022,7370065.0,3136650.0,42559.32613891465,52.25,44.416666666666664,54.166666666666664,45.0,31.833333333333332,73.08333333333333,67.5,77.08333333333333
Arizona,2023,7452073.0,3901450.0,52353.888642797785,44.333333333333336,53.916666666666664,49.75,65.66666666666667,35.833333333333336,67.33333333333333,70.66666666666667,79.75
Arkansas,2014,2968759.0,1685600.0,56777.93313637113,19.833333333333332,6.166666666666667,53.666666666666664,0.0,23.25,0.0,9.166666666666666,25.0
Arkansas,2015,2979732.0,1701850.0,57114.196847233245,12.75,0.0,61.666666666666664,0.0,9.583333333333334,0.0,8.333333333333334,24.583333333333332
Arkansas,2016,2991815.0,1701650.0,56876.84566057728,16.666666666666668,10.833333333333334,58.333333333333336,8.333333333333334,30.083333333333332,0.0,8.583333333333334,42.0
Arkansas,2017,3003855.0,1718950.0,57224.799466019496,38.166666666666664,25.916666666666668,39.916666666666664,0.0,22.083333333333332,0.0,14.0,56.666666666666664
Arkansas,2018,3012161.0,1690700.0,56129.13785152919,25.75,55.333333333333336,43.0,0.0,32.333333333333336,0.0,13.583333333333334,54.0
Arkansas,2019,3020985.0,1774900.0,58752.36057113822,29.333333333333332,60.25,36.0,0.0,38.0,15.75,16.75,54.583333333333336
Arkansas,2020,3030522.0,1598800.0,52756.58780896493,29.916666666666668,49.916666666666664,30.166666666666668,0.0,36.416666666666664,0.0,18.25,67.0
Arkansas,2021,3027127.0,1649650.0,54495.566258039384,27.75,47.75,28.083333333333332,0.0,29.5,0.0,23.083333333333332,58.75
Arkansas,2022,3047429.0,1630700.0,53510.680642600695,20.0,46.666666666666664,32.25,0.0,19.583333333333332,0.0,17.5,56.333333333333336
Arkansas,2023,3069856.0,1676350.0,54606.79588879739,23.083333333333332,50.833333333333336,36.666666666666664,0.0,35.583333333333336,7.083333333333333,23.833333333333332,62.0
California,2014,38586706.0,17233500.0,44661.75475045732,88.41666666666667,25.583333333333332,82.33333333333333,18.083333333333332,19.333333333333332,39.333333333333336,70.58333333333333,49.416666666666664
California,2015,38904296.0,17465150.0,44892.600035738986,87.0,27.0,90.75,23.666666666666668,20.75,42.25,70.5,56.666666666666664
California,2016,39149186.0,17731250.0,45291.490862670806,75.91666666666667,28.5,78.16666666666667,25.75,23.083333333333332,53.083333333333336,76.25,57.0
California,2017,39337785.0,17932800.0,45586.704996226916,71.08333333333333,29.75,62.333333333333336,28.416666666666668,20.0,42.916666666666664,69.08333333333333,58.666666666666664
California,2018,39437463.0,17968900.0,45563.02214470541,74.08333333333333,50.833333333333336,61.083333333333336,31.666666666666668,28.166666666666668,46.166666666666664,71.41666666666667,66.66666666666667
California,2019,39437610.0,17882350.0,45343.391752187825,74.91666666666667,54.5,59.333333333333336,33.833333333333336,32.916666666666664,49.75,77.58333333333333,71.0
California,2020,39368078.0,16305450.0,41417.947810406185,63.75,44.666666666666664,54.0,41.416666666666664,34.666666666666664,55.75,83.41666666666667,69.08333333333333
California,2021,39152927.0,17207400.0,43949.2046150215,52.333333333333336,46.166666666666664,58.416666666666664,49.666666666666664,30.75,59.416666666666664,76.75,69.08333333333333
California,2022,39125347.0,16901350.0,43197.95553506529,51.75,43.25,71.41666666666667,54.833333333333336,27.25,58.916666666666664,83.83333333333333,70.75
California,2023,39181667.0,0.0,0.0,51.583333333333336,52.5,70.5,78.08333333333333,32.916666666666664,65.58333333333333,87.25,77.25
Colorado,2014,5352637.0,2128750.0,39770.11704698077,72.33333333333333,42.333333333333336,65.91666666666667,0.0,26.083333333333332,0.0,62.5,52.166666666666664
Colorado,2015,5454328.0,2201700.0,40366.10926222259,65.66666666666667,43.166666666666664,69.66666666666667,2.8333333333333335,30.583333333333332,7.333333333333333,51.5,55.75
Colorado,2016,5543844.0,2247850.0,40546.775847228026,70.75,45.916666666666664,68.16666666666667,12.083333333333334,35.666666666666664,18.25,59.333333333333336,67.08333333333333
Colorado,2017,5617421.0,2314600.0,41203.96174685857,54.833333333333336,44.416666666666664,45.583333333333336,25.666666666666668,31.666666666666668,25.833333333333332,60.25,61.166666666666664
Colorado,2018,5697155.0,2321500.0,40748.40863553826,56.416666666666664,67.83333333333333,48.5,33.333333333333336,35.5,23.5,64.91666666666667,67.75
Colorado,2019,5758486.0,2271450.0,39445.26391138226,61.0,67.75,44.416666666666664,38.5,38.666666666666664,53.333333333333336,59.416666666666664,71.08333333333333
Colorado,2020,5807719.0,2185600.0,37632.67472134929,58.166666666666664,63.083333333333336,40.666666666666664,46.416666666666664,39.666666666666664,63.583333333333336,58.916666666666664,71.16666666666667
Colorado,2021,5814368.0,2257050.0,38818.49239676608,49.916666666666664,66.75,43.5,50.75,33.75,64.08333333333333,59.083333333333336,67.83333333333333
Colorado,2022,5853355.0,2261550.0,38636.81597989529,44.666666666666664,62.0,51.083333333333336,64.5,29.083333333333332,64.16666666666667,63.083333333333336,69.66666666666667
Colorado,2023,5912240.0,2328850.0,39390.31568407236,44.0,70.08333333333333,49.583333333333336,78.66666666666667,35.416666666666664,67.83333333333333,63.916666666666664,75.66666666666667
Delaware,2014,933131.0,0.0,0.0,0.0,0.0,18.416666666666668,0.0,8.333333333333334,0.0,0.0,7.416666666666667
Delaware,2015,942065.0,0.0,0.0,0.0,0.0,12.833333333333334,0.0,6.333333333333333,0.0,0.0,0.0
Delaware,2016,949989.0,513600.0,54063.783896445115,0.0,8.333333333333334,8.333333333333334,0.0,0.0,0.0,8.333333333333334,8.333333333333334
Delaware,2017,957942.0,517650.0,54037.71835873154,0.0,5.416666666666667,3.9166666666666665,0.0,4.75,0.0,10.916666666666666,12.916666666666666
Delaware,2018,966985.0,523950.0,54183.88082545231,8.333333333333334,18.916666666666668,4.083333333333333,0.0,16.333333333333332,0.0,9.666666666666666,16.666666666666668
Delaware,2019,976668.0,530350.0,54301.973649182735,6.916666666666667,19.166666666666668,3.8333333333333335,0.0,17.0,0.0,5.5,12.25
Delaware,2020,986809.0,480650.0,48707.50064095484,0.0,3.5,3.5833333333333335,0.0,8.75,0.0,14.416666666666666,29.833333333333332
Delaware,2021,1005130.0,509400.0,50680.01154079572,0.0,18.5,8.666666666666666,6.666666666666667,5.333333333333333,0.0,3.6666666666666665,29.25
Delaware,2022,1020279.0,511050.0,50089.240296036674,0.0,15.416666666666666,4.833333333333333,0.0,10.75,0.0,9.666666666666666,23.166666666666668
Delaware,2023,1035354.0,509700.0,49229.53888235328,5.25,25.666666666666668,9.0,0.0,14.916666666666666,8.333333333333334,3.4166666666666665,35.25
Florida,2014,19853880.0,13073400.0,65848.08611717206,83.83333333333333,27.333333333333332,79.66666666666667,27.833333333333332,17.416666666666668,43.833333333333336,70.25,54.0
Florida,2015,20219111.0,13441450.0,66478.93668519848,78.0,29.833333333333332,84.91666666666667,15.416666666666666,20.416666666666668,40.083333333333336,70.16666666666667,59.333333333333336
Florida,2016,20627237.0,13588450.0,65876.24896150657,65.58333333333333,30.75,73.16666666666667,20.916666666666668,25.333333333333332,54.333333333333336,73.33333333333333,64.25
Florida,2017,20977089.0,13680250.0,65215.197399410376,58.166666666666664,28.5,51.666666666666664,23.166666666666668,20.083333333333332,45.916666666666664,71.33333333333333,63.083333333333336
Florida,2018,21254926.0,13729750.0,64595.61421197138,57.75,53.083333333333336,48.083333333333336,25.916666666666668,27.25,50.416666666666664,71.25,68.08333333333333
Florida,2019,21492056.0,13963300.0,64969.58690224891,62.583333333333336,53.833333333333336,46.333333333333336,33.083333333333336,35.75,50.0,71.5,73.83333333333333
Florida,2020,21733312.0,12997350.0,59803.81637184429,54.75,43.666666666666664,40.75,38.0,36.666666666666664,56.0,74.83333333333333,74.75
Florida,2021,21836698.0,13704200.0,62757.65685819349,43.166666666666664,48.333333333333336,46.583333333333336,45.833333333333336,32.916666666666664,60.416666666666664,74.75,73.75
Florida,2022,22413989.0,13605550.0,60701.154087297895,43.916666666666664,42.916666666666664,55.166666666666664,52.083333333333336,28.916666666666668,54.083333333333336,77.58333333333333,75.5
Florida,2023,22929248.0,14137250.0,61655.96883072659,41.833333333333336,56.75,54.5,75.25,35.083333333333336,68.25,84.83333333333333,81.83333333333333
Georgia,2014,10071204.0,4699600.0,46663.73553747893,75.5,24.75,72.33333333333333,5.166666666666667,17.666666666666668,41.333333333333336,62.75,41.416666666666664
Georgia,2015,10183353.0,4789050.0,47028.22341521501,74.66666666666667,27.666666666666668,78.08333333333333,3.75,21.833333333333332,29.5,64.33333333333333,45.916666666666664
Georgia,2016,10308442.0,4855750.0,47104.596407488156,70.0,31.75,73.91666666666667,15.0,27.25,48.666666666666664,65.25,49.666666666666664
Georgia,2017,10417031.0,5035800.0,48341.98919058607,62.333333333333336,29.666666666666668,46.166666666666664,14.25,21.25,45.25,63.666666666666664,49.833333333333336
Georgia,2018,10519389.0,5151750.0,48973.85199843831,65.0,52.083333333333336,44.416666666666664,19.583333333333332,28.583333333333332,48.083333333333336,63.833333333333336,54.416666666666664
Georgia,2019,10628020.0,5202700.0,48952.6741575571,66.58333333333333,53.25,44.0,31.833333333333332,34.75,57.333333333333336,73.58333333333333,64.16666666666667
Georgia,2020,10710017.0,4891500.0,45672.19641201317,56.833333333333336,42.583333333333336,35.833333333333336,31.583333333333332,35.25,61.5,70.33333333333333,64.25
Georgia,2021,10793038.0,5008900.0,46408.62007527445,47.916666666666664,45.833333333333336,42.5,39.583333333333336,31.0,59.083333333333336,65.08333333333333,62.666666666666664
Georgia,2022,10929992.0,4973000.0,45498.660932231236,50.5,44.916666666666664,50.833333333333336,48.916666666666664,30.75,71.5,68.75,65.5
Georgia,2023,11063669.0,5174350.0,46768.84313874539,47.583333333333336,59.333333333333336,51.583333333333336,65.66666666666667,37.666666666666664,75.91666666666667,74.08333333333333,71.5
Hawaii,2014,1415335.0,570100.0,40280.216344540335,8.333333333333334,0.0,0.0,0.0,3.75,8.333333333333334,6.083333333333333,0.0
Hawaii,2015,1422999.0,601800.0,42290.96436469738,11.833333333333334,6.25,8.75,0.0,8.166666666666666,0.0,4.583333333333333,18.916666666666668
Hawaii,2016,1428885.0,581150.0,40671.57258981653,0.0,3.75,16.916666666666668,8.333333333333334,13.0,0.0,5.083333333333333,31.916666666666668
Hawaii,2017,1425763.0,524700.0,36801.347769580214,0.0,11.166666666666666,10.666666666666666,0.0,9.166666666666666,0.0,6.75,20.416666666666668
Hawaii,2018,1423102.0,583050.0,40970.359116915024,0.0,48.916666666666664,22.166666666666668,0.0,23.75,0.0,5.916666666666667,34.0
Hawaii,2019,1415615.0,577900.0,40823.24643352889,4.0,33.333333333333336,23.833333333333332,0.0,19.416666666666668,5.0,8.333333333333334,29.416666666666668
Hawaii,2020,1407006.0,500300.0,35557.77303010791,0.0,43.5,13.666666666666666,0.0,20.083333333333332,0.0,11.0,31.666666666666668
Hawaii,2021,1446909.0,516500.0,35696.78535415842,0.0,41.0,28.916666666666668,0.0,17.166666666666668,9.583333333333334,0.0,27.916666666666668
Hawaii,2022,1437812.0,542350.0,37720.5086617722,0.0,20.916666666666668,11.416666666666666,0.0,20.0,0.0,0.0,13.833333333333334
Hawaii,2023,1434950.0,565900.0,39436.91417819436,0.0,48.583333333333336,19.0,0.0,25.0,0.0,0.0,45.583333333333336
Illinois,2014,12885092.0,7197850.0,55861.8440597863,76.08333333333333,26.75,69.25,2.5,19.75,43.666666666666664,72.83333333333333,52.166666666666664
Illinois,2015,12859585.0,7084550.0,55091.59121386887,78.16666666666667,30.5,76.5,4.333333333333333,22.916666666666668,47.5,64.08333333333333,59.583333333333336
Illinois,2016,12821709.0,6799950.0,53034.66175998846,69.33333333333333,31.166666666666668,61.416666666666664,4.25,27.25,60.583333333333336,73.41666666666667,62.333333333333336
Illinois,2017,12779893.0,6840450.0,53525.0960238869,63.166666666666664,34.833333333333336,50.0,14.5,23.583333333333332,38.666666666666664,73.0,63.916666666666664
Illinois,2018,12724685.0,6976050.0,54822.96811276665,59.416666666666664,54.833333333333336,45.083333333333336,19.833333333333332,29.166666666666668,53.416666666666664,74.16666666666667,68.83333333333333
Illinois,2019,12667017.0,6646250.0,52468.943556324266,62.083333333333336,57.583333333333336,43.333333333333336,27.25,36.75,47.583333333333336,73.83333333333333,75.75
Illinois,2020,12587530.0,6103750.0,48490.450469631454,56.583333333333336,48.75,39.0,34.416666666666664,35.833333333333336,55.25,79.08333333333333,75.83333333333333
Illinois,2021,12703354.0,6095700.0,47984.96523044229,45.333333333333336,53.583333333333336,42.25,37.833333333333336,28.166666666666668,58.666666666666664,69.75,73.41666666666667
Illinois,2022,12609577.0,6088600.0,48285.52139377871,46.5,47.916666666666664,45.333333333333336,44.25,28.083333333333332,49.583333333333336,81.91666666666667,71.41666666666667
Illinois,2023,12633389.0,6338850.0,50175.37257817361,43.75,61.416666666666664,45.5,72.16666666666667,33.833333333333336,64.75,79.33333333333333,76.41666666666667
Indiana,2014,6596019.0,3602350.0,54614.00277955537,58.416666666666664,23.166666666666668,68.16666666666667,0.0,21.0,8.333333333333334,49.083333333333336,54.0
Indiana,2015,6611442.0,3582700.0,54189.38863866611,59.5,32.166666666666664,80.5,0.0,24.416666666666668,0.0,28.416666666666668,54.5
Indiana,2016,6637898.0,3442150.0,51856.02430166899,55.25,39.25,60.416666666666664,0.0,32.0,0.0,53.333333333333336,57.666666666666664
Indiana,2017,6662068.0,3597300.0,53996.74695605028,51.166666666666664,39.25,49.75,4.5,26.166666666666668,12.333333333333334,62.416666666666664,58.166666666666664
Indiana,2018,6698481.0,3633350.0,54241.40189395178,50.916666666666664,61.583333333333336,41.75,13.0,32.0,12.0,62.833333333333336,64.33333333333333
Indiana,2019,6731010.0,3681750.0,54698.32907691417,55.083333333333336,60.75,41.666666666666664,3.75,37.083333333333336,4.5,63.916666666666664,71.83333333333333
Indiana,2020,6754953.0,3354600.0,49661.337391984816,47.416666666666664,49.666666666666664,36.75,19.0,33.833333333333336,23.75,63.916666666666664,72.58333333333333
Indiana,2021,6814223.0,3289950.0,48280.63302301671,40.5,52.416666666666664,36.333333333333336,32.833333333333336,29.0,21.416666666666668,58.083333333333336,68.0
Indiana,2022,6841491.0,3269500.0,47789.29037544593,40.5,46.166666666666664,43.666666666666664,35.083333333333336,27.0,17.583333333333332,62.083333333333336,69.75
Indiana,2023,6881373.0,3493100.0,50761.672125606325,39.666666666666664,58.416666666666664,38.833333333333336,59.333333333333336,33.0,15.5,65.25,71.66666666666667
Iowa,2014,3110643.0,1500650.0,48242.437335303344,42.75,14.5,54.166666666666664,0.0,12.333333333333334,0.0,8.25,39.333333333333336
Iowa,2015,3122541.0,1531800.0,49056.20134371334,21.083333333333332,23.833333333333332,64.25,0.0,14.416666666666666,0.0,7.916666666666667,48.833333333333336
Iowa,2016,3133210.0,1500000.0,47874.22483650952,25.5,33.333333333333336,63.166666666666664,8.25,23.833333333333332,8.333333333333334,0.0,64.0
Iowa,2017,3143734.0,1639650.0,52156.13025783988,44.333333333333336,36.583333333333336,45.583333333333336,6.416666666666667,16.75,0.0,26.166666666666668,56.5
Iowa,2018,3149900.0,1592900.0,50569.859360614624,19.833333333333332,61.166666666666664,40.833333333333336,7.5,25.083333333333332,0.0,26.083333333333332,64.33333333333333
Iowa,2019,3159596.0,1580950.0,50036.46035759002,37.666666666666664,68.5,37.75,0.0,34.166666666666664,6.333333333333333,37.833333333333336,67.25
Iowa,2020,3163561.0,1450900.0,45862.8741472031,46.416666666666664,47.5,33.833333333333336,8.333333333333334,30.0,5.5,22.833333333333332,68.5
Iowa,2021,3199037.0,1430100.0,44704.0781335133,33.833333333333336,50.666666666666664,30.75,9.75,27.0,5.75,34.666666666666664,64.16666666666667
Iowa,2022,3201890.0,1386100.0,43290.056810196475,20.583333333333332,43.416666666666664,39.916666666666664,4.916666666666667,23.416666666666668,6.25,28.25,68.5
Iowa,2023,3214739.0,1398000.0,43487.20067165639,31.333333333333332,60.25,35.166666666666664,60.083333333333336,30.916666666666668,9.833333333333334,38.833333333333336,69.91666666666667
Kansas,2014,2901861.0,1437550.0,49538.89934769447,55.5,19.166666666666668,68.58333333333333,0.0,12.5,0.0,22.083333333333332,54.25
Kansas,2015,2910717.0,1516100.0,52086.82259388323,53.25,28.5,79.41666666666667,0.0,15.666666666666666,0.0,33.916666666666664,45.583333333333336
Kansas,2016,2912977.0,1530550.0,52542.467722882815,18.083333333333332,29.75,71.66666666666667,0.0,18.333333333333332,0.0,24.166666666666668,46.75
Kansas,2017,2910892.0,1575250.0,54115.71435834789,31.416666666666668,37.416666666666664,54.833333333333336,0.0,17.916666666666668,0.0,48.0,66.75
Kansas,2018,2912748.0,1565900.0,53760.229171902276,44.166666666666664,45.833333333333336,49.583333333333336,0.0,24.75,6.416666666666667,48.0,66.5
Kansas,2019,2912635.0,1599350.0,54910.75950127634,59.583333333333336,67.5,53.5,5.166666666666667,35.916666666666664,0.0,50.416666666666664,78.58333333333333
Kansas,2020,2913805.0,1449650.0,49751.098649360545,47.333333333333336,54.75,40.25,4.5,31.833333333333332,0.0,59.666666666666664,76.75
Kansas,2021,2938966.0,1501800.0,51099.60441869692,37.333333333333336,60.916666666666664,44.333333333333336,19.833333333333332,28.666666666666668,0.0,54.416666666666664,70.83333333333333
Kansas,2022,2938034.0,1441700.0,49070.228595040084,32.75,55.916666666666664,52.416666666666664,42.666666666666664,23.833333333333332,0.0,65.91666666666667,67.08333333333333
Kansas,2023,2949749.0,1490650.0,50534.80821588549,24.0,69.91666666666667,51.416666666666664,53.25,34.0,20.25,63.833333333333336,70.66666666666667
Kentucky,2014,4416992.0,2708200.0,61313.2194941716,51.75,12.083333333333334,61.916666666666664,0.0,22.416666666666668,0.0,43.916666666666664,46.583333333333336
Kentucky,2015,4429126.0,2789000.0,62969.53394416867,65.66666666666667,21.5,64.08333333333333,8.333333333333334,21.666666666666668,0.0,48.666666666666664,53.666666666666664
Kentucky,2016,4440306.0,2791850.0,62875.17121567748,40.75,32.083333333333336,65.0,0.0,28.75,7.583333333333333,35.25,67.75
Kentucky,2017,4455590.0,2808800.0,63039.9116615308,50.5,34.5,49.583333333333336,0.0,28.666666666666668,0.0,52.333333333333336,59.333333333333336
Kentucky,2018,4464273.0,2739100.0,61356.01474192999,48.583333333333336,54.583333333333336,46.666666666666664,0.0,33.0,0.0,60.833333333333336,64.66666666666667
Kentucky,2019,4472345.0,2709300.0,60578.95801866806,46.916666666666664,52.666666666666664,42.333333333333336,7.5,30.75,35.833333333333336,57.25,78.25
Kentucky,2020,4477251.0,2470150.0,55171.1306781773,51.0,40.25,36.583333333333336,0.0,32.75,12.666666666666666,50.333333333333336,74.08333333333333
Kentucky,2021,4508348.0,2518450.0,55861.92547691526,40.5,48.083333333333336,36.916666666666664,0.0,30.25,15.75,48.583333333333336,66.16666666666667
Kentucky,2022,4521238.0,2448950.0,54165.474146682835,36.416666666666664,42.5,40.833333333333336,0.0,26.833333333333332,19.666666666666668,59.416666666666664,71.66666666666667
Kentucky,2023,4549953.0,2459150.0,54047.81104332287,42.0,58.25,41.416666666666664,46.416666666666664,34.25,64.33333333333333,59.166666666666664,76.41666666666667
Louisiana,2014,4645938.0,2841100.0,61152.34426288082,64.5,16.583333333333332,66.25,0.0,13.916666666666666,0.0,63.666666666666664,51.666666666666664
Louisiana,2015,4666998.0,3073000.0,65845.32498192629,67.58333333333333,16.5,79.16666666666667,8.333333333333334,11.333333333333334,0.0,42.75,48.916666666666664
Louisiana,2016,4681346.0,3037350.0,64881.98052440474,32.0,15.0,66.16666666666667,0.0,14.083333333333334,0.0,33.333333333333336,57.5
Louisiana,2017,4673673.0,2894200.0,61925.59898820478,48.75,26.166666666666668,48.25,0.0,18.0,0.0,56.166666666666664,57.083333333333336
Louisiana,2018,4664450.0,2955600.0,63364.3837965891,49.0,53.25,40.0,0.0,25.5,0.0,58.416666666666664,64.16666666666667
Louisiana,2019,4658285.0,2979750.0,63966.67443061127,48.583333333333336,52.583333333333336,39.25,0.0,32.5,0.0,57.75,74.0
Louisiana,2020,4645318.0,2501850.0,53857.453892284655,35.25,48.75,35.916666666666664,0.0,36.166666666666664,12.916666666666666,69.25,76.41666666666667
Louisiana,2021,4628595.0,2694300.0,58209.88874593694,40.5,49.0,40.0,11.916666666666666,28.5,22.166666666666668,56.166666666666664,65.75
Louisiana,2022,4600892.0,2644450.0,57476.89795804813,33.083333333333336,42.833333333333336,43.166666666666664,0.0,22.333333333333332,6.333333333333333,59.25,73.91666666666667
Louisiana,2023,4598777.0,2960550.0,64376.89846670104,38.916666666666664,55.666666666666664,40.333333333333336,36.0,35.583333333333336,22.916666666666668,60.25,80.08333333333333
Maine,2014,1331217.0,649100.0,48759.89414197685,0.0,0.0,51.416666666666664,0.0,12.25,0.0,33.0,12.666666666666666
Maine,2015,1329098.0,648700.0,48807.5371417307,0.0,0.0,55.833333333333336,0.0,21.25,8.333333333333334,4.416666666666667,12.333333333333334
Maine,2016,1332348.0,645400.0,48440.797749536905,0.0,7.25,41.583333333333336,0.0,11.666666666666666,5.083333333333333,0.0,31.083333333333332
Maine,2017,1335743.0,649600.0,48632.10961988945,0.0,4.75,21.833333333333332,0.0,17.666666666666668,0.0,8.25,23.75
Maine,2018,1340123.0,632950.0,47230.739267962716,21.583333333333332,70.58333333333333,15.583333333333334,0.0,31.5,35.166666666666664,13.833333333333334,42.083333333333336
Maine,2019,1345770.0,635900.0,47251.75921591356,7.25,51.083333333333336,22.416666666666668,0.0,28.416666666666668,39.75,14.333333333333334,49.5
Maine,2020,1350141.0,554450.0,41066.081246329086,6.083333333333333,28.583333333333332,20.166666666666668,15.5,32.166666666666664,50.0,17.75,44.333333333333336
Maine,2021,1379009.0,556500.0,40355.06657316957,4.416666666666667,52.583333333333336,20.833333333333332,5.0,17.083333333333332,48.75,12.333333333333334,45.75
Maine,2022,1391585.0,540400.0,38833.41657175092,0.0,18.25,29.333333333333332,0.0,5.916666666666667,54.166666666666664,14.5,16.333333333333332
Maine,2023,1401992.0,559950.0,39939.6002259642,10.0,44.416666666666664,21.333333333333332,27.916666666666668,26.833333333333332,44.75,21.666666666666668,49.083333333333336
Maryland,2014,5960064.0,3154350.0,52924.76725082147,69.25,24.833333333333332,82.5,3.75,23.5,24.666666666666668,70.83333333333333,43.666666666666664
Maryland,2015,5988528.0,3078950.0,51414.137163590116,70.16666666666667,27.5,86.66666666666667,0.0,33.166666666666664,32.166666666666664,66.58333333333333,46.75
Maryland,2016,6007014.0,3064750.0,51019.524842126215,60.083333333333336,30.833333333333332,80.58333333333333,5.583333333333333,31.166666666666668,29.0,67.58333333333333,48.166666666666664
Maryland,2017,6028186.0,2936050.0,48705.36509656471,50.833333333333336,34.666666666666664,57.666666666666664,14.916666666666666,24.416666666666668,42.25,62.333333333333336,51.0
Maryland,2018,6042153.0,2866550.0,47442.52586784876,51.5,52.25,53.25,15.666666666666666,31.0,53.25,62.083333333333336,53.0
Maryland,2019,6054954.0,2763950.0,45647.74563109811,59.75,59.25,55.916666666666664,19.416666666666668,35.916666666666664,52.416666666666664,71.58333333333333,58.916666666666664
Maryland,2020,6055802.0,2411150.0,39815.535580588665,48.833333333333336,49.083333333333336,53.083333333333336,32.333333333333336,39.333333333333336,59.083333333333336,61.75,61.166666666666664
Maryland,2021,6176035.0,2532650.0,41007.70154314216,43.166666666666664,54.833333333333336,55.416666666666664,44.666666666666664,34.166666666666664,63.083333333333336,57.833333333333336,66.5
Maryland,2022,6183257.0,2452650.0,39665.98832945161,42.75,48.916666666666664,67.25,49.583333333333336,32.083333333333336,58.083333333333336,69.5,61.333333333333336
Maryland,2023,6204927.0,2509950.0,40450.91908414072,45.666666666666664,58.666666666666664,72.5,72.66666666666667,36.333333333333336,69.33333333333333,67.66666666666667,70.0
Massachusetts,2014,6764864.0,3843450.0,56814.88940501982,79.08333333333333,29.25,73.91666666666667,7.833333333333333,24.666666666666668,13.416666666666666,75.33333333333333,47.583333333333336
Massachusetts,2015,6797484.0,3737200.0,54979.165820765455,71.33333333333333,32.833333333333336,77.16666666666667,17.916666666666668,27.416666666666668,18.25,72.08333333333333,53.666666666666664
Massachusetts,2016,6827280.0,3831500.0,56120.44620991082,61.416666666666664,35.166666666666664,63.25,12.0,33.25,23.75,72.0,58.25
Massachusetts,2017,6863560.0,3851800.0,56119.5647739657,55.416666666666664,34.916666666666664,54.0,23.416666666666668,24.75,31.5,67.91666666666667,59.166666666666664
Massachusetts,2018,6885720.0,3864350.0,56121.218986540254,57.333333333333336,62.333333333333336,50.75,28.75,33.333333333333336,32.0,74.58333333333333,64.08333333333333
Massachusetts,2019,6894883.0,3869200.0,56116.97834466517,59.25,60.0,47.166666666666664,29.666666666666668,37.5,44.416666666666664,80.75,67.08333333333333
Massachusetts,2020,6893574.0,3545750.0,51435.5833418195,50.25,50.5,44.416666666666664,35.166666666666664,38.5,53.583333333333336,79.83333333333333,72.91666666666667
Massachusetts,2021,6996721.0,3650750.0,52178.01310070817,39.25,56.25,48.75,47.833333333333336,32.25,49.833333333333336,73.08333333333333,67.41666666666667
Massachusetts,2022,7025465.0,3773150.0,53706.76531731352,44.25,51.75,55.416666666666664,57.416666666666664,29.25,57.0,77.16666666666667,70.58333333333333
Massachusetts,2023,7073479.0,3717500.0,52555.46810840889,40.0,59.916666666666664,52.25,71.91666666666667,35.416666666666664,52.166666666666664,75.33333333333333,70.16666666666667
Michigan,2014,9932033.0,5934650.0,59752.62063668133,76.5,29.666666666666668,77.5,0.0,23.0,13.833333333333334,52.666666666666664,52.25
Michigan,2015,9934483.0,5969950.0,60093.21270165745,79.16666666666667,35.083333333333336,80.33333333333333,3.25,24.916666666666668,13.75,50.416666666666664,56.916666666666664
Michigan,2016,9954117.0,6008550.0,60362.461080174166,76.66666666666667,32.583333333333336,67.66666666666667,0.0,30.0,33.0,48.5,57.5
Michigan,2017,9976752.0,6045400.0,60594.8709559985,66.58333333333333,33.75,54.25,6.75,24.333333333333332,41.0,62.083333333333336,56.833333333333336
Michigan,2018,9987286.0,5922400.0,59299.393248576234,63.083333333333336,65.66666666666667,48.666666666666664,7.916666666666667,34.083333333333336,47.833333333333336,63.916666666666664,66.5
Michigan,2019,9984795.0,5851700.0,58606.11059115385,68.33333333333333,62.083333333333336,47.0,20.166666666666668,37.583333333333336,35.166666666666664,65.58333333333333,68.91666666666667
Michigan,2020,9966555.0,5238100.0,52556.77613779285,60.083333333333336,52.583333333333336,41.25,22.666666666666668,36.25,57.916666666666664,62.25,74.33333333333333
Michigan,2021,10042362.0,5400150.0,53773.70383581074,46.75,54.416666666666664,42.416666666666664,37.166666666666664,30.5,62.916666666666664,53.75,63.916666666666664
Michigan,2022,10043906.0,5143550.0,51210.65450035076,50.25,48.0,47.5,44.166666666666664,28.25,66.66666666666667,55.166666666666664,65.41666666666667
Michigan,2023,10062124.0,5225650.0,51933.866050547585,52.166666666666664,60.833333333333336,47.916666666666664,68.91666666666667,37.083333333333336,67.75,55.833333333333336,68.66666666666667
Minnesota,2014,5452665.0,2641350.0,48441.450189952986,61.0,27.25,70.16666666666667,10.666666666666666,19.833333333333332,4.5,53.333333333333336,51.583333333333336
Minnesota,2015,5484002.0,2695000.0,49142.943419787225,64.66666666666667,25.0,82.0,19.916666666666668,25.083333333333332,15.166666666666666,54.166666666666664,61.833333333333336
Minnesota,2016,5525360.0,2721000.0,49245.66001129338,60.0,28.833333333333332,79.16666666666667,28.0,31.333333333333332,25.916666666666668,58.416666666666664,63.583333333333336
Minnesota,2017,5569283.0,2844100.0,51067.61498742298,48.583333333333336,34.916666666666664,61.5,38.833333333333336,21.916666666666668,44.5,49.5,65.0
Minnesota,2018,5608762.0,2883050.0,51402.60898929211,54.833333333333336,51.166666666666664,56.25,39.166666666666664,31.333333333333332,55.25,62.166666666666664,69.5
Minnesota,2019,5640053.0,2746800.0,48701.670002037215,56.833333333333336,59.416666666666664,55.666666666666664,43.416666666666664,37.5,57.166666666666664,57.916666666666664,71.5
Minnesota,2020,5657342.0,2452600.0,43352.51430795593,49.166666666666664,49.916666666666664,52.083333333333336,44.5,37.25,64.08333333333333,56.833333333333336,75.33333333333333
Minnesota,2021,5714055.0,2489600.0,43569.75912902483,43.416666666666664,53.083333333333336,53.75,49.0,33.166666666666664,55.166666666666664,54.166666666666664,66.83333333333333
Minnesota,2022,5727565.0,2361600.0,41232.1815640678,48.25,49.5,59.666666666666664,54.916666666666664,28.666666666666668,49.333333333333336,57.916666666666664,64.25
Minnesota,2023,5752998.0,2422000.0,42099.78866670908,41.416666666666664,60.166666666666664,56.833333333333336,66.41666666666667,37.333333333333336,60.5,58.916666666666664,72.91666666666667
Mississippi,2014,2991892.0,1787550.0,59746.474805908765,15.833333333333334,6.333333333333333,19.75,0.0,3.3333333333333335,0.0,8.333333333333334,20.666666666666668
Mississippi,2015,2990231.0,1766800.0,59085.73618559904,24.333333333333332,10.166666666666666,38.5,0.0,5.0,0.0,0.0,8.5
Mississippi,2016,2990595.0,1821100.0,60894.236765593465,7.666666666666667,7.25,28.666666666666668,0.0,6.333333333333333,8.333333333333334,0.0,33.083333333333336
Mississippi,2017,2990674.0,1802900.0,60284.06974481337,8.833333333333334,11.0,20.416666666666668,0.0,6.5,0.0,11.0,50.916666666666664
Mississippi,2018,2982879.0,1781600.0,59727.53169002162,23.75,47.833333333333336,19.833333333333332,0.0,22.0,0.0,4.833333333333333,52.416666666666664
Mississippi,2019,2978227.0,1789400.0,60082.72707218087,30.0,48.25,21.583333333333332,0.0,34.916666666666664,0.0,19.083333333333332,61.416666666666664
Mississippi,2020,2966786.0,1638600.0,55231.48619415085,26.5,49.416666666666664,19.666666666666668,0.0,36.166666666666664,0.0,4.833333333333333,54.333333333333336
Mississippi,2021,2947603.0,1612300.0,54698.682285233124,12.75,50.25,9.75,0.0,22.166666666666668,0.0,3.75,60.75
Mississippi,2022,2941237.0,1512250.0,51415.44187020631,16.0,30.666666666666668,18.916666666666668,0.0,13.583333333333334,3.4166666666666665,8.75,56.75
Mississippi,2023,2942470.0,1480650.0,50319.96927751176,25.416666666666668,65.75,27.0,8.083333333333334,32.833333333333336,0.0,19.5,62.916666666666664
Missouri,2014,6059130.0,3908700.0,64509.2612305727,56.5,20.0,62.5,0.0,16.833333333333332,15.0,48.666666666666664,46.083333333333336
Missouri,2015,6075411.0,3923000.0,64571.76312845336,57.583333333333336,24.0,76.33333333333333,13.083333333333334,17.166666666666668,19.666666666666668,60.0,55.083333333333336
Missouri,2016,6091384.0,3941850.0,64711.89470241903,52.583333333333336,26.333333333333332,78.25,0.0,20.083333333333332,7.916666666666667,63.166666666666664,61.25
Missouri,2017,6111382.0,3959250.0,64784.855536767296,48.166666666666664,33.416666666666664,52.333333333333336,5.333333333333333,22.0,13.0,71.41666666666667,63.083333333333336
Missouri,2018,6125986.0,3964750.0,64720.1936145463,49.416666666666664,51.916666666666664,53.166666666666664,16.25,31.166666666666668,29.583333333333332,74.75,65.58333333333333
Missouri,2019,6140475.0,3944950.0,64245.02990403836,49.833333333333336,53.666666666666664,48.25,9.75,38.333333333333336,37.666666666666664,77.5,72.08333333333333
Missouri,2020,6151548.0,3603500.0,58578.75123464858,44.25,43.25,41.916666666666664,7.416666666666667,34.166666666666664,28.416666666666668,77.08333333333333,73.16666666666667
Missouri,2021,6172551.0,3699000.0,59926.6008494705,34.5,48.0,43.25,27.416666666666668,27.583333333333332,30.0,66.91666666666667,71.5
Missouri,2022,6179285.0,3611000.0,58437.181648038575,37.5,42.5,48.916666666666664,45.5,27.0,39.333333333333336,68.75,67.16666666666667
Missouri,2023,6205956.0,3700850.0,59633.84207042396,34.833333333333336,51.583333333333336,43.333333333333336,56.25,32.166666666666664,38.166666666666664,73.91666666666667,73.91666666666667
Montana,2014,1022657.0,479650.0,46902.333822581764,0.0,0.0,7.25,0.0,10.083333333333334,0.0,0.0,0.0
Montana,2015,1031495.0,500050.0,48478.17972942186,0.0,0.0,7.916666666666667,0.0,10.666666666666666,0.0,8.333333333333334,6.916666666666667
Montana,2016,1042137.0,491350.0,47148.31159434892,0.0,0.0,8.083333333333334,0.0,6.333333333333333,0.0,0.0,0.0
Montana,2017,1053862.0,480850.0,45627.41611330516,0.0,13.083333333333334,7.333333333333333,0.0,23.083333333333332,0.0,0.0,10.583333333333334
Montana,2018,1061818.0,527600.0,49688.364672665186,8.333333333333334,32.916666666666664,14.25,0.0,13.666666666666666,0.0,0.0,33.916666666666664
Montana,2019,1070123.0,517950.0,48400.97820530911,0.0,49.75,5.583333333333333,0.0,35.333333333333336,7.833333333333333,4.5,4.333333333333333
Montana,2020,1080577.0,471100.0,43597.0782276506,7.166666666666667,37.0,19.583333333333332,0.0,19.666666666666668,0.0,0.0,19.75
Montana,2021,1106416.0,501400.0,45317.49360096022,6.833333333333333,50.0,11.0,0.0,14.0,0.0,0.0,30.0
Montana,2022,1121533.0,457600.0,40801.29608312908,0.0,43.083333333333336,18.083333333333332,0.0,21.25,8.333333333333334,0.0,10.5
Montana,2023,1130612.0,443800.0,39253.07709452934,0.0,52.916666666666664,30.666666666666668,0.0,27.916666666666668,0.0,0.0,45.916666666666664
Nebraska,2014,1879955.0,914100.0,48623.50428600685,15.5,0.0,35.916666666666664,0.0,3.4166666666666665,0.0,0.0,9.0
Nebraska,2015,1892059.0,933250.0,49324.57180246493,0.0,13.166666666666666,54.833333333333336,0.0,14.916666666666666,0.0,24.083333333333332,18.75
Nebraska,2016,1906483.0,1002300.0,52573.24612912887,0.0,6.416666666666667,59.666666666666664,0.0,18.5,0.0,7.0,41.166666666666664
Nebraska,2017,1916998.0,1014950.0,52944.76050574909,26.166666666666668,15.916666666666666,41.583333333333336,0.0,21.0,0.0,9.083333333333334,41.916666666666664
Nebraska,2018,1925512.0,998950.0,51879.70783874627,33.833333333333336,53.666666666666664,31.0,0.0,27.416666666666668,0.0,19.5,51.0
Nebraska,2019,1932571.0,1019150.0,52735.44930561412,38.583333333333336,53.5,40.25,0.0,29.0,0.0,26.583333333333332,68.83333333333333
Nebraska,2020,1937552.0,641450.0,33106.2082462819,22.75,48.0,30.0,0.0,29.666666666666668,12.5,19.583333333333332,66.0
Nebraska,2021,1964697.0,830800.0,42286.41872003673,25.0,49.416666666666664,31.083333333333332,0.0,27.333333333333332,0.0,23.75,54.5
Nebraska,2022,1972595.0,891150.0,45176.53142180731,16.833333333333332,42.333333333333336,40.0,0.0,22.75,0.0,31.25,52.166666666666664
Nebraska,2023,1988172.0,1026350.0,51622.797222775494,12.083333333333334,59.083333333333336,34.083333333333336,13.5,31.666666666666668,15.25,30.416666666666668,57.0
Nevada,2014,2818935.0,1358300.0,48184.86414195432,44.583333333333336,15.583333333333334,63.416666666666664,0.0,10.166666666666666,0.0,40.583333333333336,39.166666666666664
Nevada,2015,2868531.0,1400100.0,48808.954827401205,54.166666666666664,29.583333333333332,73.83333333333333,0.0,19.666666666666668,0.0,42.5,43.75
Nevada,2016,2919555.0,1469600.0,50336.438258570226,42.583333333333336,29.083333333333332,61.416666666666664,0.0,28.416666666666668,0.0,30.666666666666668,51.5
Nevada,2017,2972097.0,1497000.0,50368.47720649763,40.0,28.25,41.833333333333336,0.0,20.333333333333332,7.75,29.666666666666668,59.666666666666664
Nevada,2018,3030725.0,1637900.0,54043.17448795255,50.75,57.666666666666664,41.833333333333336,0.0,35.416666666666664,7.583333333333333,35.416666666666664,65.66666666666667
Nevada,2019,3090771.0,1634700.0,52889.71586701182,48.25,55.666666666666664,32.083333333333336,0.0,38.833333333333336,0.0,38.166666666666664,70.0
Nevada,2020,3138259.0,1583300.0,50451.54016924671,39.833333333333336,44.0,37.75,0.0,39.25,6.0,38.416666666666664,64.83333333333333
Nevada,2021,3148472.0,0.0,0.0,35.0,46.5,43.916666666666664,0.0,33.166666666666664,28.833333333333332,36.5,65.83333333333333
Nevada,2022,3177672.0,0.0,0.0,35.583333333333336,43.75,47.333333333333336,0.0,32.333333333333336,5.666666666666667,34.666666666666664,62.583333333333336
Nevada,2023,3211077.0,0.0,0.0,35.583333333333336,49.5,41.833333333333336,31.666666666666668,38.583333333333336,11.5,36.583333333333336,65.08333333333333
New Jersey,2014,8867277.0,4855700.0,54759.764468844274,75.66666666666667,22.583333333333332,80.5,0.0,23.166666666666668,12.0,78.83333333333333,49.083333333333336
New Jersey,2015,8870312.0,4777150.0,53855.49008873645,72.08333333333333,24.333333333333332,80.66666666666667,0.0,29.0,12.0,84.91666666666667,50.166666666666664
New Jersey,2016,8873584.0,4756800.0,53606.29932617982,56.583333333333336,26.416666666666668,67.41666666666667,8.25,27.833333333333332,20.583333333333332,80.66666666666667,49.833333333333336
New Jersey,2017,8888147.0,4539350.0,51071.95009263461,53.75,27.5,51.75,6.666666666666667,25.833333333333332,22.666666666666668,82.0,56.75
New Jersey,2018,8891730.0,4915950.0,55286.7664672679,51.916666666666664,46.416666666666664,45.0,16.916666666666668,35.25,37.583333333333336,77.33333333333333,62.666666666666664
New Jersey,2019,8891258.0,4358100.0,49015.56112757047,51.0,45.75,39.416666666666664,10.416666666666666,38.166666666666664,32.416666666666664,73.91666666666667,60.916666666666664
New Jersey,2020,8882371.0,3907500.0,43991.63241436324,46.916666666666664,35.083333333333336,35.5,27.083333333333332,36.166666666666664,35.083333333333336,77.0,65.25
New Jersey,2021,9266509.0,4290750.0,46303.84538557077,32.583333333333336,39.0,39.416666666666664,44.666666666666664,33.0,48.25,72.25,61.0
New Jersey,2022,9298402.0,4210200.0,45278.747896681605,35.416666666666664,33.666666666666664,48.0,41.75,26.583333333333332,35.416666666666664,67.66666666666667,59.666666666666664
New Jersey,2023,9395315.0,4319000.0,45969.720014709455,38.083333333333336,45.75,46.666666666666664,71.25,36.75,53.25,70.41666666666667,67.25
New Mexico,2014,2090236.0,868150.0,41533.587594893586,14.083333333333334,0.0,40.5,0.0,3.8333333333333335,0.0,7.5,7.166666666666667
New Mexico,2015,2090071.0,872600.0,41749.77787835916,5.416666666666667,15.416666666666666,41.416666666666664,0.0,13.5,0.0,6.833333333333333,14.0
New Mexico,2016,2092555.0,896100.0,42823.24717868826,14.583333333333334,11.333333333333334,34.166666666666664,0.0,18.416666666666668,0.0,0.0,25.583333333333332
New Mexico,2017,2092844.0,893600.0,42697.87905835313,32.75,17.0,35.166666666666664,0.0,16.916666666666668,0.0,6.0,46.0
New Mexico,2018,2093754.0,900750.0,43020.813333371545,21.583333333333332,48.583333333333336,31.916666666666668,8.333333333333334,28.333333333333332,0.0,35.083333333333336,55.5
New Mexico,2019,2099634.0,914400.0,43550.447363683386,34.0,59.416666666666664,37.75,0.0,27.916666666666668,12.5,37.083333333333336,65.5
New Mexico,2020,2106319.0,856000.0,40639.61821547448,20.25,57.166666666666664,29.333333333333332,0.0,30.666666666666668,6.083333333333333,40.0,59.25
New Mexico,2021,2117300.0,884050.0,41753.64851461768,5.666666666666667,51.916666666666664,26.5,6.75,27.333333333333332,0.0,40.833333333333336,54.666666666666664
New Mexico,2022,2112859.0,845950.0,40038.16629505329,3.0833333333333335,43.0,33.833333333333336,6.166666666666667,23.166666666666668,10.666666666666666,70.16666666666667,60.75
New Mexico,2023,2119349.0,855850.0,40382.68355046762,3.25,63.333333333333336,41.666666666666664,10.916666666666666,36.5,14.333333333333334,44.75,72.58333333333333
New York,2014,19653431.0,11331800.0,57658.12595266445,74.08333333333333,25.833333333333332,76.33333333333333,10.166666666666666,25.75,24.583333333333332,83.33333333333333,56.25
New York,2015,19657321.0,11325600.0,57615.1755368903,70.0,26.333333333333332,79.91666666666667,18.166666666666668,28.75,31.666666666666668,76.75,58.833333333333336
New York,2016,19636391.0,11312600.0,57610.38268182783,63.583333333333336,28.666666666666668,66.75,25.75,30.75,42.916666666666664,79.58333333333333,64.41666666666667
New York,2017,19593849.0,11497000.0,58676.577532061216,51.583333333333336,29.666666666666668,52.666666666666664,23.083333333333332,27.583333333333332,38.666666666666664,81.08333333333333,65.5
New York,2018,19544098.0,11438850.0,58528.410981156565,51.416666666666664,47.333333333333336,51.583333333333336,28.916666666666668,35.583333333333336,42.0,85.58333333333333,76.33333333333333
New York,2019,19463131.0,11310200.0,58110.896956918186,54.0,50.416666666666664,53.0,37.166666666666664,44.083333333333336,44.666666666666664,89.5,80.91666666666667
New York,2020,19336776.0,10089050.0,52175.45055080537,42.916666666666664,38.166666666666664,44.583333333333336,42.25,40.25,43.0,80.83333333333333,77.08333333333333
New York,2021,19835345.0,10245350.0,51651.98790341181,36.833333333333336,41.833333333333336,49.416666666666664,49.5,33.833333333333336,52.166666666666664,74.41666666666667,77.08333333333333
New York,2022,19713025.0,10583750.0,53689.121786230164,33.666666666666664,38.583333333333336,55.916666666666664,53.833333333333336,29.833333333333332,46.25,78.75,71.5
New York,2023,19786543.0,10943300.0,55306.78097735415,36.833333333333336,46.5,56.75,87.33333333333333,39.333333333333336,54.666666666666664,83.5,79.08333333333333
North Carolina,2014,9937295.0,4841600.0,48721.50821727643,62.75,24.416666666666668,70.0,6.916666666666667,24.75,19.416666666666668,70.66666666666667,41.75
North Carolina,2015,10037218.0,4898350.0,48801.86920319953,65.33333333333333,31.416666666666668,83.5,0.0,25.583333333333332,10.916666666666666,63.5,49.666666666666664
North Carolina,2016,10161802.0,4921600.0,48432.354812660196,57.166666666666664,31.75,76.33333333333333,11.25,28.75,28.583333333333332,69.58333333333333,53.166666666666664
North Carolina,2017,10275758.0,5003450.0,48691.78507317903,52.5,32.833333333333336,53.0,17.166666666666668,22.75,37.333333333333336,59.0,52.5
North Carolina,2018,10391358.0,4997450.0,48092.36675321936,52.833333333333336,56.5,50.583333333333336,30.0,27.25,51.5,62.583333333333336,56.333333333333336
North Carolina,2019,10501384.0,5010400.0,47711.80636761783,55.75,55.333333333333336,45.333333333333336,29.166666666666668,31.833333333333332,41.583333333333336,67.41666666666667,61.166666666666664
North Carolina,2020,10600823.0,4533350.0,42764.13255838722,48.75,45.25,42.833333333333336,28.583333333333332,31.5,55.583333333333336,62.25,61.0
North Carolina,2021,10565503.0,4708100.0,44561.05875886836,38.916666666666664,48.5,44.416666666666664,42.333333333333336,29.083333333333332,57.333333333333336,59.916666666666664,61.083333333333336
North Carolina,2022,10705768.0,4536300.0,42372.485561054564,38.416666666666664,47.916666666666664,53.75,62.916666666666664,26.666666666666668,51.166666666666664,67.66666666666667,62.416666666666664
North Carolina,2023,10871849.0,4679500.0,43042.35645656962,42.916666666666664,61.833333333333336,53.75,75.66666666666667,37.166666666666664,72.16666666666667,70.75,68.66666666666667
North Dakota,2014,738736.0,401900.0,54403.73827727362,0.0,0.0,0.0,0.0,4.833333333333333,0.0,8.333333333333334,8.333333333333334
North Dakota,2015,755537.0,425150.0,56271.23489650407,0.0,0.0,14.25,0.0,0.0,0.0,0.0,5.25
North Dakota,2016,756114.0,456950.0,60434.00862832853,0.0,0.0,14.333333333333334,0.0,24.333333333333332,8.333333333333334,0.0,0.0
North Dakota,2017,756755.0,471250.0,62272.46598965319,0.0,0.0,0.0,0.0,6.833333333333333,0.0,0.0,5.416666666666667
North Dakota,2018,760062.0,447700.0,58903.08948480518,0.0,7.0,5.333333333333333,0.0,17.0,0.0,0.0,14.416666666666666
North Dakota,2019,763724.0,450750.0,59020.01246523613,0.0,29.666666666666668,9.333333333333334,0.0,6.083333333333333,0.0,0.0,12.0
North Dakota,2020,765309.0,423400.0,55324.058648206155,0.0,6.0,13.0,0.0,5.25,0.0,0.0,23.0
North Dakota,2021,777977.0,417300.0,53639.117865952336,0.0,38.25,3.5,0.0,7.666666666666667,0.0,0.0,14.0
North Dakota,2022,780191.0,423300.0,54255.9450185916,0.0,6.083333333333333,0.0,0.0,11.833333333333334,0.0,0.0,12.333333333333334
North Dakota,2023,787071.0,429700.0,54594.82054350878,0.0,33.833333333333336,7.416666666666667,0.0,13.833333333333334,3.8333333333333335,3.25,20.0
Ohio,2014,11606573.0,7255500.0,62511.99212721964,63.25,32.166666666666664,75.16666666666667,3.0,25.333333333333332,25.416666666666668,63.416666666666664,55.5
Ohio,2015,11622315.0,7139100.0,61425.80028161343,65.5,35.583333333333336,79.58333333333333,2.6666666666666665,27.333333333333332,25.0,64.5,58.5
Ohio,2016,11640060.0,7333150.0,62999.245708355455,55.75,39.666666666666664,77.58333333333333,4.25,30.5,46.083333333333336,64.41666666666667,68.66666666666667
Ohio,2017,11665706.0,7422250.0,63624.52473943712,52.583333333333336,41.166666666666664,53.416666666666664,13.083333333333334,26.833333333333332,51.916666666666664,67.91666666666667,62.583333333333336
Ohio,2018,11680892.0,7352100.0,62941.25482882643,52.833333333333336,67.08333333333333,47.333333333333336,14.25,30.583333333333332,53.916666666666664,75.25,67.33333333333333
Ohio,2019,11696507.0,7294850.0,62367.765008818445,55.0,65.41666666666667,46.0,28.916666666666668,38.083333333333336,54.75,75.41666666666667,75.16666666666667
Ohio,2020,11693217.0,6716700.0,57440.99335537859,51.75,55.0,37.583333333333336,28.583333333333332,36.0,63.166666666666664,77.91666666666667,75.33333333333333
Ohio,2021,11761443.0,6858300.0,58311.72246466696,38.583333333333336,57.083333333333336,40.25,34.25,30.75,61.75,61.916666666666664,69.91666666666667
Ohio,2022,11764950.0,6724400.0,57156.21400855933,39.25,54.25,48.166666666666664,43.5,28.75,73.66666666666667,76.08333333333333,69.33333333333333
Ohio,2023,11808390.0,7002300.0,59299.36257186627,41.25,63.5,47.166666666666664,60.583333333333336,35.5,76.91666666666667,78.16666666666667,75.25
Oklahoma,2014,3879187.0,2125500.0,54792.40882174539,42.333333333333336,14.0,61.083333333333336,7.333333333333333,19.083333333333332,0.0,35.666666666666664,43.666666666666664
Oklahoma,2015,3910518.0,2118500.0,54174.40860775989,61.583333333333336,20.416666666666668,59.083333333333336,8.333333333333334,19.083333333333332,0.0,30.416666666666668,39.833333333333336
Oklahoma,2016,3928143.0,2112150.0,53769.68201004902,57.083333333333336,25.916666666666668,51.833333333333336,0.0,19.583333333333332,0.0,23.75,40.916666666666664
Oklahoma,2017,3933602.0,2140100.0,54405.60585437978,51.0,26.833333333333332,51.333333333333336,0.0,24.833333333333332,0.0,32.666666666666664,59.5
Oklahoma,2018,3943488.0,2025600.0,51365.69453235308,40.333333333333336,59.583333333333336,49.833333333333336,0.0,35.083333333333336,0.0,67.0,56.5
Oklahoma,2019,3960676.0,2190300.0,55301.16576059238,57.75,59.666666666666664,44.0,0.0,36.833333333333336,0.0,50.333333333333336,63.916666666666664
Oklahoma,2020,3980783.0,1929700.0,48475.38788223322,44.75,50.166666666666664,35.75,0.0,31.583333333333332,0.0,55.416666666666664,67.08333333333333
Oklahoma,2021,3992760.0,1951050.0,48864.69509812761,45.75,54.583333333333336,34.416666666666664,10.583333333333334,29.666666666666668,8.166666666666666,53.25,61.416666666666664
Oklahoma,2022,4025327.0,1951850.0,48489.22832853082,43.583333333333336,43.916666666666664,41.166666666666664,17.0,26.25,8.333333333333334,58.666666666666664,64.5
Oklahoma,2023,4062716.0,1996750.0,49148.156061117734,29.333333333333332,63.25,44.083333333333336,40.416666666666664,33.333333333333336,13.166666666666666,62.0,70.16666666666667
Oregon,2014,3965447.0,1722850.0,43446.55217936338,33.333333333333336,18.916666666666668,57.0,5.5,13.5,10.75,42.75,41.333333333333336
Oregon,2015,4018542.0,1770850.0,44066.977525679715,34.25,18.083333333333332,57.666666666666664,11.75,14.916666666666666,3.5833333333333335,23.416666666666668,35.5
Oregon,2016,4093271.0,1802300.0,44030.800794767805,47.833333333333336,33.833333333333336,63.666666666666664,23.5,20.916666666666668,17.5,34.416666666666664,49.666666666666664
Oregon,2017,4147294.0,1816200.0,43792.41018360406,49.5,36.416666666666664,58.75,34.916666666666664,21.0,26.166666666666668,47.833333333333336,48.916666666666664
Oregon,2018,4183538.0,1811600.0,43303.06071081463,52.833333333333336,56.833333333333336,53.75,36.25,28.583333333333332,36.583333333333336,64.66666666666667,64.08333333333333
Oregon,2019,4216116.0,1782550.0,42279.434436813404,64.66666666666667,59.75,58.416666666666664,48.0,37.75,26.833333333333332,60.833333333333336,71.5
Oregon,2020,4241507.0,1606800.0,37882.76195229667,55.25,60.416666666666664,52.0,48.333333333333336,44.75,40.083333333333336,66.33333333333333,71.66666666666667
Oregon,2021,4254691.0,1634350.0,38412.89531954259,41.666666666666664,60.916666666666664,56.166666666666664,54.75,30.916666666666668,61.166666666666664,70.16666666666667,67.83333333333333
Oregon,2022,4245964.0,1620600.0,38168.01084512257,44.166666666666664,52.583333333333336,68.0,56.5,29.333333333333332,33.416666666666664,58.0,74.5
Oregon,2023,4250392.0,1704450.0,40101.007154163664,48.083333333333336,64.33333333333333,66.0,79.58333333333333,39.666666666666664,62.0,69.75,70.58333333333333
Pennsylvania,2014,12792392.0,8173200.0,63891.1002727246,76.75,22.083333333333332,76.25,13.083333333333334,20.583333333333332,30.333333333333332,69.91666666666667,54.416666666666664
Pennsylvania,2015,12789838.0,8032600.0,62804.54842352187,69.16666666666667,24.833333333333332,80.16666666666667,24.083333333333332,27.333333333333332,39.25,72.58333333333333,60.5
Pennsylvania,2016,12788468.0,8000800.0,62562.61500595693,56.416666666666664,29.833333333333332,65.91666666666667,29.333333333333332,31.75,50.666666666666664,68.5,67.08333333333333
Pennsylvania,2017,12794679.0,7936350.0,62028.51982453018,61.25,30.916666666666668,51.083333333333336,26.666666666666668,28.666666666666668,49.333333333333336,74.16666666666667,67.75
Pennsylvania,2018,12809107.0,7851450.0,61295.842091099716,55.916666666666664,50.333333333333336,46.333333333333336,29.166666666666668,33.75,59.916666666666664,77.33333333333333,71.75
Pennsylvania,2019,12798883.0,7624750.0,59573.558098780966,56.5,51.833333333333336,43.833333333333336,31.166666666666668,41.75,58.0,77.16666666666667,74.5
Pennsylvania,2020,12783254.0,6956900.0,54421.98050668476,50.833333333333336,43.166666666666664,36.916666666666664,36.25,37.416666666666664,64.41666666666667,80.58333333333333,78.41666666666667
Pennsylvania,2021,13016628.0,7194200.0,55269.306305749844,42.75,43.833333333333336,42.416666666666664,41.166666666666664,31.333333333333332,64.5,71.33333333333333,70.5
Pennsylvania,2022,12984655.0,6786350.0,52264.38438295049,40.166666666666664,40.75,45.916666666666664,51.916666666666664,28.166666666666668,69.25,72.25,74.5
Pennsylvania,2023,13009406.0,7236900.0,55628.21238725273,41.583333333333336,49.75,45.75,66.66666666666667,34.916666666666664,73.75,77.66666666666667,76.33333333333333
Rhode Island,2014,1056511.0,603650.0,57136.177474725766,14.083333333333334,0.0,33.833333333333336,0.0,0.0,0.0,15.083333333333334,6.583333333333333
Rhode Island,2015,1056886.0,612850.0,57986.38642199821,0.0,8.083333333333334,37.5,0.0,0.0,0.0,0.0,5.083333333333333
Rhode Island,2016,1057816.0,620550.0,58663.321409394455,11.666666666666666,0.0,24.5,0.0,7.25,0.0,0.0,38.25
Rhode Island,2017,1056554.0,637600.0,60347.12849508876,4.833333333333333,0.0,9.5,0.0,6.833333333333333,0.0,8.166666666666666,19.083333333333332
Rhode Island,2018,1059338.0,620700.0,58593.196883336575,0.0,41.5,11.5,0.0,4.583333333333333,4.916666666666667,11.083333333333334,23.833333333333332
Rhode Island,2019,1058158.0,623000.0,58875.89566019441,4.083333333333333,26.083333333333332,22.083333333333332,0.0,16.25,0.0,7.0,32.416666666666664
Rhode Island,2020,1057125.0,554050.0,52411.020456426624,9.083333333333334,4.75,0.0,0.0,12.416666666666666,8.333333333333334,12.0,38.916666666666664
Rhode Island,2021,1097381.0,560550.0,51080.709434553726,5.666666666666667,40.333333333333336,22.416666666666668,0.0,11.75,4.333333333333333,26.416666666666668,29.666666666666668
Rhode Island,2022,1098275.0,517200.0,47092.03068448248,0.0,20.666666666666668,4.666666666666667,0.0,4.916666666666667,0.0,0.0,21.5
Rhode Island,2023,1101183.0,540150.0,49051.79248135869,5.75,56.916666666666664,11.333333333333334,0.0,21.416666666666668,0.0,19.333333333333332,40.416666666666664
South Carolina,2014,4826858.0,2502200.0,51839.10527303683,61.416666666666664,12.5,63.916666666666664,0.0,13.583333333333334,0.0,62.5,37.25
South Carolina,2015,4896006.0,2550300.0,52089.39694926844,79.25,19.0,76.0,0.0,28.083333333333332,0.0,49.416666666666664,43.666666666666664
South Carolina,2016,4963031.0,2557650.0,51534.03232822845,53.333333333333336,27.5,72.08333333333333,0.0,20.333333333333332,7.5,48.166666666666664,51.0
South Carolina,2017,5027102.0,2614950.0,52017.046799527845,44.5,28.833333333333332,46.0,6.5,21.666666666666668,0.0,52.916666666666664,49.916666666666664
South Carolina,2018,5091702.0,2572550.0,50524.362973324045,61.5,58.416666666666664,43.75,0.0,31.416666666666668,5.666666666666667,49.666666666666664,50.916666666666664
South Carolina,2019,5157702.0,2609450.0,50593.26808722179,50.416666666666664,55.0,32.0,13.333333333333334,34.25,0.0,53.0,58.083333333333336
South Carolina,2020,5218040.0,2548550.0,48841.13575212148,56.416666666666664,44.416666666666664,32.916666666666664,4.5,33.833333333333336,12.25,55.333333333333336,58.916666666666664
South Carolina,2021,5194346.0,2624150.0,50519.353158222424,39.0,52.25,36.75,15.333333333333334,30.75,10.5,46.916666666666664,57.916666666666664
South Carolina,2022,5288957.0,2615050.0,49443.58594709694,38.833333333333336,48.666666666666664,35.916666666666664,17.833333333333332,31.5,14.166666666666666,58.0,57.833333333333336
South Carolina,2023,5390798.0,2690600.0,49910.97792942715,32.416666666666664,60.666666666666664,39.833333333333336,47.916666666666664,36.75,32.916666666666664,52.916666666666664,58.583333333333336
South Dakota,2014,849670.0,501150.0,58981.722315722574,8.333333333333334,0.0,15.333333333333334,0.0,0.0,0.0,0.0,8.333333333333334
South Dakota,2015,854663.0,501650.0,58695.64963032212,0.0,0.0,29.0,0.0,0.0,0.0,0.0,0.0
South Dakota,2016,863693.0,493600.0,57149.93637785648,0.0,8.333333333333334,27.416666666666668,0.0,7.666666666666667,0.0,0.0,0.0
South Dakota,2017,873732.0,501700.0,57420.353151767355,0.0,4.833333333333333,0.0,0.0,8.0,0.0,0.0,10.166666666666666
South Dakota,2018,879386.0,509000.0,57881.29444862665,0.0,7.5,4.833333333333333,0.0,19.083333333333332,0.0,0.0,15.333333333333334
South Dakota,2019,887127.0,517650.0,58351.28453986859,0.0,11.166666666666666,19.5,0.0,8.333333333333334,0.0,0.0,33.333333333333336
South Dakota,2020,892717.0,486250.0,54468.549383511236,0.0,13.75,13.333333333333334,0.0,7.5,0.0,0.0,21.583333333333332
South Dakota,2021,896303.0,499550.0,55734.50049815744,0.0,9.166666666666666,4.666666666666667,0.0,8.25,0.0,0.0,14.083333333333334
South Dakota,2022,909156.0,480400.0,52840.21664048854,0.0,11.5,3.9166666666666665,0.0,9.166666666666666,0.0,0.0,3.75
South Dakota,2023,917739.0,489350.0,53321.26018399567,0.0,5.666666666666667,7.166666666666667,0.0,16.583333333333332,0.0,0.0,28.0
Tennessee,2014,6544617.0,3865100.0,59057.69581321566,64.58333333333333,21.0,74.0,9.416666666666666,19.333333333333332,14.166666666666666,67.83333333333333,43.75
Tennessee,2015,6595354.0,4252700.0,64480.238664975375,72.16666666666667,27.333333333333332,78.16666666666667,0.0,23.5,4.333333333333333,70.83333333333333,55.416666666666664
Tennessee,2016,6651277.0,4223550.0,63499.836196868666,59.916666666666664,34.5,69.08333333333333,11.0,28.916666666666668,18.25,70.41666666666667,50.75
Tennessee,2017,6714748.0,4323450.0,64387.37537134678,56.5,32.083333333333336,52.833333333333336,21.833333333333332,22.583333333333332,45.25,69.33333333333333,55.583333333333336
Tennessee,2018,6778180.0,4258550.0,62827.33713179645,57.833333333333336,57.166666666666664,51.166666666666664,12.666666666666666,29.166666666666668,47.5,75.83333333333333,67.33333333333333
Tennessee,2019,6830325.0,4172100.0,61082.012934962826,60.0,56.166666666666664,48.25,20.75,33.916666666666664,43.833333333333336,76.33333333333333,65.83333333333333
Tennessee,2020,6886834.0,3855650.0,55985.812929424465,55.666666666666664,49.666666666666664,45.0,40.666666666666664,35.666666666666664,58.666666666666664,76.66666666666667,69.08333333333333
Tennessee,2021,6966687.0,3919450.0,56259.88364340181,44.75,52.0,44.25,39.416666666666664,31.75,45.083333333333336,62.833333333333336,64.75
Tennessee,2022,7063325.0,3810750.0,53951.219857503376,42.166666666666664,46.666666666666664,48.916666666666664,37.75,26.5,55.416666666666664,71.83333333333333,66.75
Tennessee,2023,7153029.0,3934750.0,55008.16507244694,39.083333333333336,60.666666666666664,45.916666666666664,60.75,32.75,56.5,77.91666666666667,74.25
Texas,2014,26963092.0,12848200.0,47651.063164417494,79.58333333333333,25.25,70.0,9.666666666666666,17.166666666666668,49.25,75.41666666666667,45.0
Texas,2015,27468531.0,13165850.0,47930.666550752205,82.66666666666667,30.25,83.41666666666667,17.333333333333332,20.25,53.833333333333336,78.75,52.833333333333336
Texas,2016,27914064.0,13349050.0,47821.950970664824,70.41666666666667,33.166666666666664,68.5,21.833333333333332,26.0,60.5,73.91666666666667,53.083333333333336
Texas,2017,28291024.0,13333150.0,47128.552151382006,61.666666666666664,34.166666666666664,50.916666666666664,27.583333333333332,21.0,51.916666666666664,75.58333333333333,54.75
Texas,2018,28624564.0,13792000.0,48182.393275929026,59.416666666666664,58.833333333333336,48.0,29.916666666666668,27.083333333333332,55.75,79.5,60.5
Texas,2019,28986794.0,13831100.0,47715.1767801572,64.0,61.583333333333336,45.083333333333336,34.416666666666664,33.916666666666664,62.25,86.83333333333333,68.33333333333333
Texas,2020,29360759.0,13130300.0,44720.57415136986,55.333333333333336,51.0,41.666666666666664,38.416666666666664,32.583333333333336,63.083333333333336,82.75,69.08333333333333
Texas,2021,29572672.0,13580750.0,45923.31054833328,47.0,55.166666666666664,46.333333333333336,43.583333333333336,31.166666666666668,68.0,73.41666666666667,68.5
Texas,2022,30118002.0,13598600.0,45151.06945009167,45.083333333333336,51.583333333333336,55.0,55.333333333333336,29.0,73.41666666666667,80.0,67.41666666666667
Texas,2023,30719247.0,13979600.0,45507.62588679339,45.583333333333336,64.41666666666667,53.0,72.66666666666667,36.5,76.08333333333333,87.5,74.75
Utah,2014,2938327.0,1145250.0,38976.26098116377,40.25,22.583333333333332,52.0,0.0,21.666666666666668,0.0,28.083333333333332,47.25
Utah,2015,2983626.0,1160250.0,38887.24659189858,26.416666666666668,26.166666666666668,63.416666666666664,0.0,20.916666666666668,0.0,21.25,50.583333333333336
Utah,2016,3044241.0,1193450.0,39203.53217764296,30.166666666666668,43.083333333333336,58.833333333333336,7.583333333333333,28.583333333333332,13.0,7.083333333333333,59.5
Utah,2017,3103540.0,1196300.0,38546.305186980026,39.583333333333336,39.583333333333336,43.416666666666664,0.0,27.25,0.0,26.333333333333332,53.166666666666664
Utah,2018,3155153.0,1176800.0,37297.71583184714,53.166666666666664,63.333333333333336,46.25,0.0,28.75,4.083333333333333,24.916666666666668,62.666666666666664
Utah,2019,3203383.0,1204250.0,37593.06957675682,52.25,68.41666666666667,40.583333333333336,0.0,39.333333333333336,20.083333333333332,31.5,67.66666666666667
Utah,2020,3249879.0,1161800.0,35749.02327132795,51.0,55.833333333333336,36.5,4.25,37.75,13.833333333333334,51.083333333333336,71.08333333333333
Utah,2021,3339874.0,1236250.0,37014.86942321776,38.75,61.416666666666664,36.916666666666664,3.4166666666666665,33.0,19.166666666666668,45.333333333333336,67.91666666666667
Utah,2022,3393928.0,1190900.0,35089.13565638399,42.5,56.833333333333336,43.916666666666664,19.0,30.166666666666668,7.916666666666667,27.333333333333332,67.0
Utah,2023,3449259.0,1148550.0,33298.45627713083,38.833333333333336,67.08333333333333,43.75,43.25,35.083333333333336,31.333333333333332,47.166666666666664,67.66666666666667
Vermont,2014,625693.0,230750.0,36879.108444556674,0.0,0.0,14.833333333333334,0.0,0.0,0.0,6.416666666666667,0.0
Vermont,2015,625810.0,249350.0,39844.361707227436,0.0,15.166666666666666,7.416666666666667,8.333333333333334,0.0,0.0,8.333333333333334,0.0
Vermont,2016,624366.0,252800.0,40489.0721147532,0.0,0.0,15.083333333333334,0.0,7.166666666666667,0.0,19.5,0.0
Vermont,2017,625132.0,254200.0,40663.41188740938,0.0,0.0,12.25,0.0,25.666666666666668,0.0,4.833333333333333,15.083333333333334
Vermont,2018,624802.0,250750.0,40132.71404380908,0.0,6.583333333333333,7.083333333333333,0.0,15.833333333333334,0.0,0.0,11.75
Vermont,2019,624046.0,253300.0,40589.95650961628,0.0,5.916666666666667,0.0,0.0,6.416666666666667,8.333333333333334,9.75,0.0
Vermont,2020,623347.0,222300.0,35662.31970315089,0.0,0.0,5.5,0.0,0.0,0.0,0.0,5.166666666666667
Vermont,2021,647238.0,239850.0,37057.46572358236,0.0,0.0,10.583333333333334,0.0,12.666666666666666,0.0,4.416666666666667,11.583333333333334
Vermont,2022,647614.0,236250.0,36480.06374167328,0.0,10.916666666666666,11.25,0.0,16.833333333333332,0.0,0.0,5.25
Vermont,2023,647722.0,0.0,0.0,0.0,32.583333333333336,7.583333333333333,3.8333333333333335,10.75,0.0,8.666666666666666,7.666666666666667
Virginia,2014,8315430.0,3920100.0,47142.48090597841,80.83333333333333,27.416666666666668,84.08333333333333,2.5,26.666666666666668,17.833333333333332,69.66666666666667,48.0
Virginia,2015,8367303.0,3967950.0,47422.09048722151,62.083333333333336,21.583333333333332,64.75,4.5,17.166666666666668,20.5,52.5,43.083333333333336
Virginia,2016,8417651.0,3995650.0,47467.51795720683,51.416666666666664,22.75,55.5,10.0,25.916666666666668,19.833333333333332,47.166666666666664,40.75
Virginia,2017,8471011.0,4050100.0,47811.2943071376,60.75,30.0,57.916666666666664,26.833333333333332,28.916666666666668,26.333333333333332,67.66666666666667,59.666666666666664
Virginia,2018,8510920.0,4024350.0,47284.54738148167,61.916666666666664,50.583333333333336,59.25,16.5,30.75,39.416666666666664,66.16666666666667,59.416666666666664
Virginia,2019,8556642.0,4134600.0,48320.35744863464,67.33333333333333,54.0,56.583333333333336,23.416666666666668,38.083333333333336,46.75,76.33333333333333,67.91666666666667
Virginia,2020,8590563.0,3747850.0,43627.52476176474,62.833333333333336,45.666666666666664,51.5,42.083333333333336,37.0,56.333333333333336,74.91666666666667,69.41666666666667
Virginia,2021,8660007.0,3785350.0,43710.70369804551,53.25,47.0,56.25,44.416666666666664,33.083333333333336,62.666666666666664,70.0,67.91666666666667
Virginia,2022,8681038.0,3811300.0,43903.73593572566,50.916666666666664,43.583333333333336,64.25,61.25,30.666666666666668,66.0,71.83333333333333,67.5
Virginia,2023,8732034.0,3915550.0,44841.21339884842,47.75,51.083333333333336,63.083333333333336,77.08333333333333,36.75,82.16666666666667,77.16666666666667,73.33333333333333
Washington,2014,7057531.0,2898150.0,41064.64427857278,76.33333333333333,22.583333333333332,67.16666666666667,12.25,25.833333333333332,30.583333333333332,65.75,46.333333333333336
Washington,2015,7167287.0,2956350.0,41247.82501384415,73.0,26.916666666666668,77.25,18.0,30.5,22.25,64.25,55.166666666666664
Washington,2016,7299961.0,3048550.0,41761.18201179431,66.0,29.666666666666668,68.08333333333333,20.0,36.333333333333336,41.25,61.583333333333336,55.5
Washington,2017,7427951.0,3090500.0,41606.35954652905,70.66666666666667,34.416666666666664,57.75,16.083333333333332,35.583333333333336,47.833333333333336,69.16666666666667,58.75
Washington,2018,7526793.0,3072450.0,40820.17401036537,69.33333333333333,55.666666666666664,51.0,29.416666666666668,44.333333333333336,53.583333333333336,67.58333333333333,65.16666666666667
Washington,2019,7614024.0,3029050.0,39782.511849187766,69.75,58.916666666666664,59.0,28.25,50.666666666666664,60.5,71.66666666666667,69.25
Washington,2020,7693612.0,2591550.0,33684.4384666136,70.83333333333333,45.333333333333336,52.25,35.916666666666664,47.083333333333336,59.833333333333336,84.08333333333333,70.08333333333333
Washington,2021,7744316.0,2658350.0,34326.466017140825,53.0,51.666666666666664,53.833333333333336,46.083333333333336,35.833333333333336,62.916666666666664,69.75,65.0
Washington,2022,7786828.0,2697300.0,34639.26517960844,55.5,47.25,60.916666666666664,53.5,33.75,72.0,75.0,67.0
Washington,2023,7838655.0,2814150.0,35900.929432409,53.166666666666664,53.0,59.083333333333336,68.83333333333333,43.0,67.16666666666667,77.66666666666667,74.08333333333333
West Virginia,2014,1850569.0,1262000.0,68195.24157164634,8.333333333333334,0.0,44.833333333333336,0.0,5.416666666666667,0.0,8.0,3.8333333333333335
West Virginia,2015,1843332.0,1255100.0,68088.6568453214,6.916666666666667,8.333333333333334,57.416666666666664,0.0,9.333333333333334,8.333333333333334,0.0,12.5
West Virginia,2016,1832435.0,1208050.0,65925.94007427276,15.583333333333334,4.583333333333333,45.583333333333336,0.0,11.833333333333334,0.0,8.333333333333334,30.916666666666668
West Virginia,2017,1818683.0,1228400.0,67543.38166684353,22.5,16.833333333333332,43.0,0.0,10.916666666666666,0.0,7.833333333333333,22.416666666666668
West Virginia,2018,1805953.0,1226900.0,67936.43023932516,10.583333333333334,40.75,37.416666666666664,0.0,23.583333333333332,0.0,14.75,35.416666666666664
West Virginia,2019,1795263.0,1178800.0,65661.68856596499,19.75,38.0,19.25,0.0,28.833333333333332,0.0,8.833333333333334,48.916666666666664
West Virginia,2020,1784787.0,1077500.0,60371.34963443818,11.666666666666666,34.25,19.083333333333332,0.0,21.416666666666668,5.166666666666667,18.833333333333332,39.416666666666664
West Virginia,2021,1785921.0,1091450.0,61114.12542884036,17.666666666666668,38.416666666666664,29.583333333333332,0.0,19.333333333333332,0.0,22.5,49.583333333333336
West Virginia,2022,1774003.0,1092250.0,61569.794414101896,8.583333333333334,28.5,40.666666666666664,0.0,11.833333333333334,0.0,27.083333333333332,49.583333333333336
West Virginia,2023,1770036.0,1145000.0,64687.949849607576,0.0,49.333333333333336,34.416666666666664,0.0,27.75,0.0,27.916666666666668,50.916666666666664
Wisconsin,2014,5753199.0,2827600.0,49148.308619256866,64.66666666666667,26.416666666666668,70.5,0.0,30.583333333333332,11.5,62.083333333333336,53.166666666666664
Wisconsin,2015,5762927.0,2848950.0,49435.816209367214,61.333333333333336,29.75,78.58333333333333,7.75,30.083333333333332,14.0,66.83333333333333,55.75
Wisconsin,2016,5775170.0,2833000.0,49054.83301790251,49.833333333333336,35.916666666666664,67.83333333333333,9.5,33.0,22.083333333333332,71.41666666666667,65.08333333333333
Wisconsin,2017,5793147.0,2814950.0,48591.03350907547,50.25,38.333333333333336,50.166666666666664,10.75,28.166666666666668,17.333333333333332,64.58333333333333,62.5
Wisconsin,2018,5809319.0,2702300.0,46516.63990219852,48.416666666666664,63.75,46.25,28.416666666666668,36.083333333333336,11.583333333333334,64.33333333333333,62.333333333333336
Wisconsin,2019,5824581.0,2665950.0,45770.67431974935,48.416666666666664,62.833333333333336,40.833333333333336,26.166666666666668,44.083333333333336,15.75,64.91666666666667,65.58333333333333
Wisconsin,2020,5832655.0,2459400.0,42166.04616593987,48.0,57.333333333333336,37.0,20.166666666666668,44.333333333333336,13.833333333333334,64.58333333333333,76.08333333333333
Wisconsin,2021,5882128.0,2512350.0,42711.58329094504,38.666666666666664,58.166666666666664,38.166666666666664,33.333333333333336,34.583333333333336,30.5,49.75,67.58333333333333
Wisconsin,2022,5903472.0,2382500.0,40357.60650681498,43.083333333333336,53.083333333333336,42.833333333333336,49.25,31.833333333333332,35.333333333333336,62.333333333333336,62.916666666666664
Wisconsin,2023,5930350.0,2485350.0,41908.993566990146,35.0,71.0,43.333333333333336,71.66666666666667,39.166666666666664,46.916666666666664,61.083333333333336,69.41666666666667
Wyoming,2014,583159.0,196100.0,33627.19258384077,0.0,0.0,16.083333333333332,0.0,0.0,8.333333333333334,0.0,0.0
Wyoming,2015,586389.0,188350.0,32120.31603594201,0.0,0.0,0.0,0.0,6.833333333333333,0.0,0.0,0.0
Wyoming,2016,585243.0,204600.0,34959.837195831475,0.0,0.0,0.0,0.0,5.916666666666667,0.0,0.0,0.0
Wyoming,2017,579994.0,196200.0,33827.93615106363,8.333333333333334,0.0,5.583333333333333,8.333333333333334,18.5,0.0,0.0,0.0
Wyoming,2018,579054.0,197350.0,34081.45008928356,0.0,16.0,0.0,0.0,9.583333333333334,3.25,0.0,6.166666666666667
Wyoming,2019,580116.0,188350.0,32467.64440215405,0.0,7.833333333333333,0.0,0.0,14.083333333333334,0.0,0.0,8.333333333333334
Wyoming,2020,582328.0,194950.0,33477.696418513275,0.0,8.166666666666666,5.25,0.0,17.083333333333332,0.0,0.0,19.166666666666668
Wyoming,2021,579662.0,208050.0,35891.60579786151,0.0,6.833333333333333,0.0,0.0,9.416666666666666,0.0,0.0,0.0
Wyoming,2022,581742.0,174650.0,30021.89974249753,0.0,0.0,8.333333333333334,9.75,4.333333333333333,0.0,0.0,0.0
Wyoming,2023,584666.0,166350.0,28452.14190666124,4.333333333333333,6.083333333333333,4.833333333333333,0.0,3.8333333333333335,2.6666666666666665,0.0,5.166666666666667
