State,Year,state_population,admission_rate_per_100k,suicidal thoughts_lag1,suicide hotline_lag1,self harm_lag1,mental health crisis_lag1,suicide prevention_lag1,crisis hotline_lag1,psychiatric hospital_lag1,depression help_lag1,admission_rate_lag2,neighbor_admission_rate_lag1
Alaska,2015,738430.0,297.92939073439595,,,,,,,,,,432.9234155184374
Alaska,2016,742575.0,289.53304380028953,0.0,0.0,16.0,0.0,9.25,0.0,0.0,0.0,,394.8210262854579
Alaska,2017,740983.0,303.6506910414949,0.0,0.0,6.333333333333333,0.0,12.75,0.0,0.0,13.25,297.92939073439595,407.01229080593055
Alaska,2018,736624.0,319.02300223723364,7.666666666666667,24.333333333333332,7.5,0.0,3.6666666666666665,0.0,0.0,6.416666666666667,289.53304380028953,408.6863708548655
Alaska,2019,733603.0,333.9680999123504,0.0,22.0,0.0,0.0,18.333333333333332,0.0,8.333333333333334,5.583333333333333,303.6506910414949,410.77284130055324
Alaska,2020,731158.0,348.76182712902,0.0,11.416666666666666,0.0,0.0,27.5,0.0,0.0,10.583333333333334,319.02300223723364,383.6663830875743
Alaska,2021,734590.0,381.1650036074545,0.0,14.5,0.0,0.0,11.916666666666666,0.0,0.0,8.333333333333334,333.9680999123504,385.21158440660344
Alaska,2022,733659.0,395.2790056415855,0.0,7.0,0.0,0.0,10.0,0.0,0.0,0.0,348.76182712902,369.5509415990954
Alaska,2023,734654.0,374.3258731321139,0.0,15.333333333333334,15.916666666666666,0.0,11.5,0.0,0.0,3.75,381.1650036074545,382.5282579862058
Arizona,2014,6732873.0,223.53013342149777,67.75,26.416666666666668,69.83333333333333,4.833333333333333,21.083333333333332,6.333333333333333,50.083333333333336,53.416666666666664,,442.9700468450083
Arizona,2015,6832810.0,209.28432079920267,78.33333333333333,28.75,78.58333333333333,8.583333333333334,23.666666666666668,22.833333333333332,44.666666666666664,59.0,,313.48465821366125
Arizona,2016,6944767.0,205.91043587207463,68.66666666666667,26.5,70.33333333333333,0.0,28.25,36.083333333333336,50.083333333333336,64.33333333333333,223.53013342149777,340.20570289804556
Arizona,2017,7048088.0,196.5071945753231,66.75,34.0,49.583333333333336,12.75,22.583333333333332,55.083333333333336,49.416666666666664,63.75,209.28432079920267,326.4687823758098
Arizona,2018,7164228.0,244.26916619627409,64.41666666666667,57.083333333333336,51.25,17.75,29.75,58.583333333333336,51.166666666666664,67.75,205.91043587207463,320.53858529211817
Arizona,2019,7291843.0,220.10896285068125,70.33333333333333,57.5,47.75,22.416666666666668,35.416666666666664,66.33333333333333,57.0,74.25,196.5071945753231,336.96497073849866
Arizona,2020,7421401.0,218.28762520715424,64.0,47.416666666666664,41.833333333333336,31.916666666666668,37.916666666666664,70.75,55.25,73.08333333333333,244.26916619627409,338.416825777874
Arizona,2021,7274022.0,219.2734638415996,48.833333333333336,44.5,44.25,45.916666666666664,31.75,57.333333333333336,52.5,72.5,220.10896285068125,358.37979838442885
Arizona,2022,7370065.0,164.17765650642158,52.25,44.416666666666664,54.166666666666664,45.0,31.833333333333332,73.08333333333333,67.5,77.08333333333333,218.28762520715424,356.3701521032121
Arizona,2023,7452073.0,274.42028546955993,44.333333333333336,53.916666666666664,49.75,65.66666666666667,35.833333333333336,67.33333333333333,70.66666666666667,79.75,219.2734638415996,335.53569313774784
Arkansas,2014,2968759.0,515.3668586773126,19.833333333333332,6.166666666666667,53.666666666666664,0.0,23.25,0.0,9.166666666666666,25.0,,442.9700468450083
Arkansas,2015,2979732.0,538.6390453906594,12.75,0.0,61.666666666666664,0.0,9.583333333333334,0.0,8.333333333333334,24.583333333333332,,467.51382208362065
Arkansas,2016,2991815.0,491.3405407754156,16.666666666666668,10.833333333333334,58.333333333333336,8.333333333333334,30.083333333333332,0.0,8.583333333333334,42.0,515.3668586773126,471.0828871611189
Arkansas,2017,3003855.0,489.37115806189047,38.166666666666664,25.916666666666668,39.916666666666664,0.0,22.083333333333332,0.0,14.0,56.666666666666664,538.6390453906594,454.8669643061209
Arkansas,2018,3012161.0,531.180106242661,25.75,55.333333333333336,43.0,0.0,32.333333333333336,0.0,13.583333333333334,54.0,491.3405407754156,434.42530117676023
Arkansas,2019,3020985.0,590.8668861315101,29.333333333333332,60.25,36.0,0.0,38.0,15.75,16.75,54.583333333333336,489.37115806189047,423.4516309703626
Arkansas,2020,3030522.0,584.0577959836622,29.916666666666668,49.916666666666664,30.166666666666668,0.0,36.416666666666664,0.0,18.25,67.0,531.180106242661,432.5890154604101
Arkansas,2021,3027127.0,586.3645628346615,27.75,47.75,28.083333333333332,0.0,29.5,0.0,23.083333333333332,58.75,590.8668861315101,390.8383684619273
Arkansas,2022,3047429.0,589.0211059880312,20.0,46.666666666666664,32.25,0.0,19.583333333333332,0.0,17.5,56.333333333333336,584.0577959836622,385.2770398106573
Arkansas,2023,3069856.0,612.4065754224303,23.083333333333332,50.833333333333336,36.666666666666664,0.0,35.583333333333336,7.083333333333333,23.833333333333332,62.0,586.3645628346615,378.824244530814
California,2014,38586706.0,323.68660854336724,88.41666666666667,25.583333333333332,82.33333333333333,18.083333333333332,19.333333333333332,39.333333333333336,70.58333333333333,49.416666666666664,,442.9700468450083
California,2015,38904296.0,312.5618826260216,87.0,27.0,90.75,23.666666666666668,20.75,42.25,70.5,56.666666666666664,,251.1385076461869
California,2016,39149186.0,290.55521103299566,75.91666666666667,28.5,78.16666666666667,25.75,23.083333333333332,53.083333333333336,76.25,57.0,323.68660854336724,264.4206232790121
California,2017,39337785.0,294.88188010585753,71.08333333333333,29.75,62.333333333333336,28.416666666666668,20.0,42.916666666666664,69.08333333333333,58.666666666666664,312.5618826260216,247.11391992867485
California,2018,39437463.0,307.95591491268084,74.08333333333333,50.833333333333336,61.083333333333336,31.666666666666668,28.166666666666668,46.166666666666664,71.41666666666667,66.66666666666667,290.55521103299566,218.18791878563368
California,2019,39437610.0,300.09425013331185,74.91666666666667,54.5,59.333333333333336,33.833333333333336,32.916666666666664,49.75,77.58333333333333,71.0,294.88188010585753,253.75154923931996
California,2020,39368078.0,270.7777606008604,63.75,44.666666666666664,54.0,41.416666666666664,34.666666666666664,55.75,83.41666666666667,69.08333333333333,307.95591491268084,249.38908591043807
California,2021,39152927.0,280.69421221049447,52.333333333333336,46.166666666666664,58.416666666666664,49.666666666666664,30.75,59.416666666666664,76.75,69.08333333333333,300.09425013331185,267.7004304036719
California,2022,39125347.0,277.1860400369101,51.75,43.25,71.41666666666667,54.833333333333336,27.25,58.916666666666664,83.83333333333333,70.75,270.7777606008604,220.1030384046314
Colorado,2014,5352637.0,268.09215719280047,72.33333333333333,42.333333333333336,65.91666666666667,0.0,26.083333333333332,0.0,62.5,52.166666666666664,,442.9700468450083
Colorado,2015,5454328.0,259.42700915676505,65.66666666666667,43.166666666666664,69.66666666666667,2.8333333333333335,30.583333333333332,7.333333333333333,51.5,55.75,,346.9862110004105
Colorado,2016,5543844.0,236.29813537321755,70.75,45.916666666666664,68.16666666666667,12.083333333333334,35.666666666666664,18.25,59.333333333333336,67.08333333333333,268.09215719280047,343.73464216247976
Colorado,2017,5617421.0,242.10398330479413,54.833333333333336,44.416666666666664,45.583333333333336,25.666666666666668,31.666666666666668,25.833333333333332,60.25,61.166666666666664,259.42700915676505,331.274237123452
Colorado,2018,5697155.0,253.6353671262235,56.416666666666664,67.83333333333333,48.5,33.333333333333336,35.5,23.5,64.91666666666667,67.75,236.29813537321755,331.268360059858
Colorado,2019,5758486.0,249.19744530072663,61.0,67.75,44.416666666666664,38.5,38.666666666666664,53.333333333333336,59.416666666666664,71.08333333333333,242.10398330479413,321.3932491683057
Colorado,2020,5807719.0,246.2240339107316,58.166666666666664,63.083333333333336,40.666666666666664,46.416666666666664,39.666666666666664,63.583333333333336,58.916666666666664,71.16666666666667,253.6353671262235,334.460433498115
Colorado,2021,5814368.0,241.6427718369391,49.916666666666664,66.75,43.5,50.75,33.75,64.08333333333333,59.083333333333336,67.83333333333333,249.19744530072663,329.46371445939104
Colorado,2022,5853355.0,215.26116218818095,44.666666666666664,62.0,51.083333333333336,64.5,29.083333333333332,64.16666666666667,63.083333333333336,69.66666666666667,246.2240339107316,328.89120947391064
Colorado,2023,5912240.0,244.4082107627566,44.0,70.08333333333333,49.583333333333336,78.66666666666667,35.416666666666664,67.83333333333333,63.916666666666664,75.66666666666667,241.6427718369391,314.5895084197596
Delaware,2016,949989.0,168.4230027926639,,,,,,,,,,548.8574210706049
Delaware,2017,957942.0,172.2442486079533,0.0,5.416666666666667,3.9166666666666665,0.0,4.75,0.0,10.916666666666666,12.916666666666666,,504.12741397324504
Delaware,2018,966985.0,170.6334638076082,8.333333333333334,18.916666666666668,4.083333333333333,0.0,16.333333333333332,0.0,9.666666666666666,16.666666666666668,168.4230027926639,497.319554552387
Delaware,2019,976668.0,189.41953662861897,6.916666666666667,19.166666666666668,3.8333333333333335,0.0,17.0,0.0,5.5,12.25,172.2442486079533,505.00891003409623
Delaware,2020,986809.0,192.5397924015691,0.0,3.5,3.5833333333333335,0.0,8.75,0.0,14.416666666666666,29.833333333333332,170.6334638076082,457.10291723801794
Delaware,2021,1005130.0,233.80060290708664,0.0,18.5,8.666666666666666,6.666666666666667,5.333333333333333,0.0,3.6666666666666665,29.25,189.41953662861897,394.51741630710904
Delaware,2022,1020279.0,235.22977538496824,0.0,15.416666666666666,4.833333333333333,0.0,10.75,0.0,9.666666666666666,23.166666666666668,192.5397924015691,414.91235419789047
Delaware,2023,1035354.0,246.2925723955285,5.25,25.666666666666668,9.0,0.0,14.916666666666666,8.333333333333334,3.4166666666666665,35.25,233.80060290708664,378.60989641569375
Florida,2014,19853880.0,520.0494815119262,83.83333333333333,27.333333333333332,79.66666666666667,27.833333333333332,17.416666666666668,43.833333333333336,70.25,54.0,,442.9700468450083
Florida,2015,20219111.0,552.447632341501,78.0,29.833333333333332,84.91666666666667,15.416666666666666,20.416666666666668,40.083333333333336,70.16666666666667,59.333333333333336,,242.77137073184105
Florida,2016,20627237.0,485.28069949455664,65.58333333333333,30.75,73.16666666666667,20.916666666666668,25.333333333333332,54.333333333333336,73.33333333333333,64.25,520.0494815119262,241.57072822674417
Florida,2017,20977089.0,498.4008982371196,58.166666666666664,28.5,51.666666666666664,23.166666666666668,20.083333333333332,45.916666666666664,71.33333333333333,63.083333333333336,552.447632341501,218.75274653531545
Florida,2018,21254926.0,498.2374438753633,57.75,53.083333333333336,48.083333333333336,25.916666666666668,27.25,50.416666666666664,71.25,68.08333333333333,485.28069949455664,224.15216005404992
Florida,2019,21492056.0,501.3480329662271,62.583333333333336,53.833333333333336,46.333333333333336,33.083333333333336,35.75,50.0,71.5,73.83333333333333,498.4008982371196,226.24888194551983
Florida,2020,21733312.0,471.6262298171581,54.75,43.666666666666664,40.75,38.0,36.666666666666664,56.0,74.83333333333333,74.75,498.2374438753633,216.87953165312072
Florida,2021,21836698.0,477.6363166262592,43.166666666666664,48.333333333333336,46.583333333333336,45.833333333333336,32.916666666666664,60.416666666666664,74.75,73.75,501.3480329662271,200.74664680737664
Florida,2022,22413989.0,455.51909568618066,43.916666666666664,42.916666666666664,55.166666666666664,52.083333333333336,28.916666666666668,54.083333333333336,77.58333333333333,75.5,471.6262298171581,190.4005155916249
Florida,2023,22929248.0,462.50971684723373,41.833333333333336,56.75,54.5,75.25,35.083333333333336,68.25,84.83333333333333,81.83333333333333,477.6363166262592,192.13188811117152
Georgia,2014,10071204.0,242.77137073184105,75.5,24.75,72.33333333333333,5.166666666666667,17.666666666666668,41.333333333333336,62.75,41.416666666666664,,442.9700468450083
Georgia,2015,10183353.0,241.57072822674417,74.66666666666667,27.666666666666668,78.08333333333333,3.75,21.833333333333332,29.5,64.33333333333333,45.916666666666664,,411.5250150481027
Georgia,2016,10308442.0,218.75274653531545,70.0,31.75,73.91666666666667,15.0,27.25,48.666666666666664,65.25,49.666666666666664,242.77137073184105,417.30842849753674
Georgia,2017,10417031.0,224.15216005404992,62.333333333333336,29.666666666666668,46.166666666666664,14.25,21.25,45.25,63.666666666666664,49.833333333333336,241.57072822674417,379.9816058616981
Georgia,2018,10519389.0,226.24888194551983,65.0,52.083333333333336,44.416666666666664,19.583333333333332,28.583333333333332,48.083333333333336,63.833333333333336,54.416666666666664,218.75274653531545,376.247495108281
Georgia,2019,10628020.0,216.87953165312072,66.58333333333333,53.25,44.0,31.833333333333332,34.75,57.333333333333336,73.58333333333333,64.16666666666667,224.15216005404992,368.91803901962845
Georgia,2020,10710017.0,200.74664680737664,56.833333333333336,42.583333333333336,35.833333333333336,31.583333333333332,35.25,61.5,70.33333333333333,64.25,226.24888194551983,353.9929304712449
Georgia,2021,10793038.0,190.4005155916249,47.916666666666664,45.833333333333336,42.5,39.583333333333336,31.0,59.083333333333336,65.08333333333333,62.666666666666664,216.87953165312072,334.3489625399854
Georgia,2022,10929992.0,192.13188811117152,50.5,44.916666666666664,50.833333333333336,48.916666666666664,30.75,71.5,68.75,65.5,200.74664680737664,339.2377527963074
Georgia,2023,11063669.0,203.820269749574,47.583333333333336,59.333333333333336,51.583333333333336,65.66666666666667,37.666666666666664,75.91666666666667,74.08333333333333,71.5,190.4005155916249,323.8147978253604
Hawaii,2014,1415335.0,321.4786605291327,8.333333333333334,0.0,0.0,0.0,3.75,8.333333333333334,6.083333333333333,0.0,,442.9700468450083
Hawaii,2015,1422999.0,323.2609439641208,11.833333333333334,6.25,8.75,0.0,8.166666666666666,0.0,4.583333333333333,18.916666666666668,,432.9234155184374
Hawaii,2016,1428885.0,286.93701732469725,0.0,3.75,16.916666666666668,8.333333333333334,13.0,0.0,5.083333333333333,31.916666666666668,321.4786605291327,394.8210262854579
Hawaii,2017,1425763.0,263.0170652485722,0.0,11.166666666666666,10.666666666666666,0.0,9.166666666666666,0.0,6.75,20.416666666666668,323.2609439641208,407.01229080593055
Hawaii,2018,1423102.0,291.61648286630196,0.0,48.916666666666664,22.166666666666668,0.0,23.75,0.0,5.916666666666667,34.0,286.93701732469725,408.6863708548655
Hawaii,2019,1415615.0,300.2228713315414,4.0,33.333333333333336,23.833333333333332,0.0,19.416666666666668,5.0,8.333333333333334,29.416666666666668,263.0170652485722,410.77284130055324
Hawaii,2020,1407006.0,277.1843190434156,0.0,43.5,13.666666666666666,0.0,20.083333333333332,0.0,11.0,31.666666666666668,291.61648286630196,383.6663830875743
Hawaii,2021,1446909.0,245.35060601599685,0.0,41.0,28.916666666666668,0.0,17.166666666666668,9.583333333333334,0.0,27.916666666666668,300.2228713315414,385.21158440660344
Hawaii,2022,1437812.0,271.2454757645645,0.0,20.916666666666668,11.416666666666666,0.0,20.0,0.0,0.0,13.833333333333334,277.1843190434156,369.5509415990954
Hawaii,2023,1434950.0,247.39537962995223,0.0,48.583333333333336,19.0,0.0,25.0,0.0,0.0,45.583333333333336,245.35060601599685,382.5282579862058
Illinois,2014,12885092.0,646.0955032373847,76.08333333333333,26.75,69.25,2.5,19.75,43.666666666666664,72.83333333333333,52.166666666666664,,442.9700468450083
Illinois,2015,12859585.0,635.3237682242468,78.16666666666667,30.5,76.5,4.333333333333333,22.916666666666668,47.5,64.08333333333333,59.583333333333336,,447.76029673807034
Illinois,2016,12821709.0,598.204186353005,69.33333333333333,31.166666666666668,61.416666666666664,4.25,27.25,60.583333333333336,73.41666666666667,62.333333333333336,646.0955032373847,441.31882274078134
Illinois,2017,12779893.0,615.4198630614513,63.166666666666664,34.833333333333336,50.0,14.5,23.583333333333332,38.666666666666664,73.0,63.916666666666664,635.3237682242468,400.4889591906786
Illinois,2018,12724685.0,612.1959011166092,59.416666666666664,54.833333333333336,45.083333333333336,19.833333333333332,29.166666666666668,53.416666666666664,74.16666666666667,68.83333333333333,598.204186353005,493.89760224910015
Illinois,2019,12667017.0,577.089302082724,62.083333333333336,57.583333333333336,43.333333333333336,27.25,36.75,47.583333333333336,73.83333333333333,75.75,615.4198630614513,486.7296348939051
Illinois,2020,12587530.0,514.3979795877349,56.583333333333336,48.75,39.0,34.416666666666664,35.833333333333336,55.25,79.08333333333333,75.83333333333333,612.1959011166092,479.6033337928052
Illinois,2021,12703354.0,515.6118612454633,45.333333333333336,53.583333333333336,42.25,37.833333333333336,28.166666666666668,58.666666666666664,69.75,73.41666666666667,577.089302082724,445.5348778860548
Illinois,2022,12609577.0,475.03576051758125,46.5,47.916666666666664,45.333333333333336,44.25,28.083333333333332,49.583333333333336,81.91666666666667,71.41666666666667,514.3979795877349,438.65566783685864
Illinois,2023,12633389.0,525.1955749957514,43.75,61.416666666666664,45.5,72.16666666666667,33.833333333333336,64.75,79.33333333333333,76.41666666666667,515.6118612454633,412.2521703103739
Indiana,2014,6596019.0,465.4322554255832,58.416666666666664,23.166666666666668,68.16666666666667,0.0,21.0,8.333333333333334,49.083333333333336,54.0,,442.9700468450083
Indiana,2015,6611442.0,430.3145970273959,59.5,32.166666666666664,80.5,0.0,24.416666666666668,0.0,28.416666666666668,54.5,,514.6062835948843
Indiana,2016,6637898.0,367.586244922715,55.25,39.25,60.416666666666664,0.0,32.0,0.0,53.333333333333336,57.666666666666664,465.4322554255832,512.0019006578476
Indiana,2017,6662068.0,418.0383628627026,51.166666666666664,39.25,49.75,4.5,26.166666666666668,12.333333333333334,62.416666666666664,58.166666666666664,430.3145970273959,472.73363416043503
Indiana,2018,6698481.0,436.6661635675312,50.916666666666664,61.583333333333336,41.75,13.0,32.0,12.0,62.833333333333336,64.33333333333333,367.586244922715,485.7407971871863
Indiana,2019,6731010.0,446.4411730186108,55.083333333333336,60.75,41.666666666666664,3.75,37.083333333333336,4.5,63.916666666666664,71.83333333333333,418.0383628627026,470.6657702705171
Indiana,2020,6754953.0,413.77045850652104,47.416666666666664,49.666666666666664,36.75,19.0,33.833333333333336,23.75,63.916666666666664,72.58333333333333,436.6661635675312,444.18321719724463
Indiana,2021,6814223.0,404.30141484949934,40.5,52.416666666666664,36.333333333333336,32.833333333333336,29.0,21.416666666666668,58.083333333333336,68.0,446.4411730186108,406.24120396137926
Indiana,2022,6841491.0,366.879091122096,40.5,46.166666666666664,43.666666666666664,35.083333333333336,27.0,17.583333333333332,62.083333333333336,69.75,413.77045850652104,412.4126484736842
Indiana,2023,6881373.0,393.8167572081909,39.666666666666664,58.416666666666664,38.833333333333336,59.333333333333336,33.0,15.5,65.25,71.66666666666667,404.30141484949934,390.5997106768093
Iowa,2014,3110643.0,143.05723929104047,42.75,14.5,54.166666666666664,0.0,12.333333333333334,0.0,8.25,39.333333333333336,,442.9700468450083
Iowa,2015,3122541.0,144.11339995215434,21.083333333333332,23.833333333333332,64.25,0.0,14.416666666666666,0.0,7.916666666666667,48.833333333333336,,583.1122557722857
Iowa,2016,3133210.0,110.11071712397192,25.5,33.333333333333336,63.166666666666664,8.25,23.833333333333332,8.333333333333334,0.0,64.0,143.05723929104047,568.606238735836
Iowa,2017,3143734.0,607.5577641110857,44.333333333333336,36.583333333333336,45.583333333333336,6.416666666666667,16.75,0.0,26.166666666666668,56.5,144.11339995215434,525.9472751963045
Iowa,2018,3149900.0,606.3684561414648,19.833333333333332,61.166666666666664,40.833333333333336,7.5,25.083333333333332,0.0,26.083333333333332,64.33333333333333,110.11071712397192,535.9477315441095
Iowa,2019,3159596.0,595.012780114926,37.666666666666664,68.5,37.75,0.0,34.166666666666664,6.333333333333333,37.833333333333336,67.25,607.5577641110857,539.9878475518403
Iowa,2020,3163561.0,554.7545945850262,46.416666666666664,47.5,33.833333333333336,8.333333333333334,30.0,5.5,22.833333333333332,68.5,606.3684561414648,557.9735084163682
Iowa,2021,3199037.0,509.52833618367026,33.833333333333336,50.666666666666664,30.75,9.75,27.0,5.75,34.666666666666664,64.16666666666667,595.012780114926,494.49896167814376
Iowa,2022,3201890.0,468.4733079524906,20.583333333333332,43.416666666666664,39.916666666666664,4.916666666666667,23.416666666666668,6.25,28.25,68.5,554.7545945850262,510.8238209765429
Iowa,2023,3214739.0,494.5969175102551,31.333333333333332,60.25,35.166666666666664,60.083333333333336,30.916666666666668,9.833333333333334,38.833333333333336,69.91666666666667,509.52833618367026,478.0800039173153
Kansas,2014,2901861.0,415.25076494015394,55.5,19.166666666666668,68.58333333333333,0.0,12.5,0.0,22.083333333333332,54.25,,442.9700468450083
Kansas,2015,2910717.0,401.9628153475587,53.25,28.5,79.41666666666667,0.0,15.666666666666666,0.0,33.916666666666664,45.583333333333336,,470.04636208240265
Kansas,2016,2912977.0,374.1876437747363,18.083333333333332,29.75,71.66666666666667,0.0,18.333333333333332,0.0,24.166666666666668,46.75,415.25076494015394,455.8315623014439
Kansas,2017,2910892.0,389.9148439722257,31.416666666666668,37.416666666666664,54.833333333333336,0.0,17.916666666666668,0.0,48.0,66.75,401.9628153475587,428.3239962461862
Kansas,2018,2912748.0,372.500470346216,44.166666666666664,45.833333333333336,49.583333333333336,0.0,24.75,6.416666666666667,48.0,66.5,374.1876437747363,442.3720989701637
Kansas,2019,2912635.0,415.43138772966745,59.583333333333336,67.5,53.5,5.166666666666667,35.916666666666664,0.0,50.416666666666664,78.58333333333333,389.9148439722257,430.3828553455659
Kansas,2020,2913805.0,403.2527914531,47.333333333333336,54.75,40.25,4.5,31.833333333333332,0.0,59.666666666666664,76.75,372.500470346216,444.93781128745735
Kansas,2021,2938966.0,391.29408097950096,37.333333333333336,60.916666666666664,44.333333333333336,19.833333333333332,28.666666666666668,0.0,54.416666666666664,70.83333333333333,415.43138772966745,404.6472140045381
Kansas,2022,2938034.0,389.7163885782125,32.75,55.916666666666664,52.416666666666664,42.666666666666664,23.833333333333332,0.0,65.91666666666667,67.08333333333333,403.2527914531,414.22729391171214
Kansas,2023,2949749.0,366.1328472354767,24.0,69.91666666666667,51.416666666666664,53.25,34.0,20.25,63.833333333333336,70.66666666666667,391.29408097950096,403.61562006106914
Kentucky,2014,4416992.0,503.7364794864922,51.75,12.083333333333334,61.916666666666664,0.0,22.416666666666668,0.0,43.916666666666664,46.583333333333336,,442.9700468450083
Kentucky,2015,4429126.0,521.5475920079944,65.66666666666667,21.5,64.08333333333333,8.333333333333334,21.666666666666668,0.0,48.666666666666664,53.666666666666664,,563.1753555127727
Kentucky,2016,4440306.0,481.948766594014,40.75,32.083333333333336,65.0,0.0,28.75,7.583333333333333,35.25,67.75,503.7364794864922,550.557724378663
Kentucky,2017,4455590.0,501.617069793226,50.5,34.5,49.583333333333336,0.0,28.666666666666668,0.0,52.333333333333336,59.333333333333336,521.5475920079944,518.5612273983826
Kentucky,2018,4464273.0,449.1212790974029,48.583333333333336,54.583333333333336,46.666666666666664,0.0,33.0,0.0,60.833333333333336,64.66666666666667,481.948766594014,531.0972818134353
Kentucky,2019,4472345.0,408.06333142903776,46.916666666666664,52.666666666666664,42.333333333333336,7.5,30.75,35.833333333333336,57.25,78.25,501.617069793226,526.9224451586049
Kentucky,2020,4477251.0,380.81403075235227,51.0,40.25,36.583333333333336,0.0,32.75,12.666666666666666,50.333333333333336,74.08333333333333,449.1212790974029,506.9308510696481
Kentucky,2021,4508348.0,393.7140611150692,40.5,48.083333333333336,36.916666666666664,0.0,30.25,15.75,48.583333333333336,66.16666666666667,408.06333142903776,476.7357049893729
Kentucky,2022,4521238.0,367.15607539350947,36.416666666666664,42.5,40.833333333333336,0.0,26.833333333333332,19.666666666666668,59.416666666666664,71.66666666666667,380.81403075235227,474.8953627066103
Kentucky,2023,4549953.0,396.7073945598998,42.0,58.25,41.416666666666664,46.416666666666664,34.25,64.33333333333333,59.166666666666664,76.41666666666667,393.7140611150692,446.1623716582929
Louisiana,2014,4645938.0,474.6081415636627,64.5,16.583333333333332,66.25,0.0,13.916666666666666,0.0,63.666666666666664,51.666666666666664,,442.9700468450083
Louisiana,2015,4666998.0,560.3173603245598,67.58333333333333,16.5,79.16666666666667,8.333333333333334,11.333333333333334,0.0,42.75,48.916666666666664,,430.7173099206272
Louisiana,2016,4681346.0,595.9824375297189,32.0,15.0,66.16666666666667,0.0,14.083333333333334,0.0,33.333333333333336,57.5,474.6081415636627,415.10206685386856
Louisiana,2017,4673673.0,460.0236259575713,48.75,26.166666666666668,48.25,0.0,18.0,0.0,56.166666666666664,57.083333333333336,560.3173603245598,388.4685566097061
Louisiana,2018,4664450.0,454.5016025469241,49.0,53.25,40.0,0.0,25.5,0.0,58.416666666666664,64.16666666666667,595.9824375297189,399.4071891900235
Louisiana,2019,4658285.0,549.5584748464295,48.583333333333336,52.583333333333336,39.25,0.0,32.5,0.0,57.75,74.0,460.0236259575713,412.8851252680904
Louisiana,2020,4645318.0,430.54103077550343,35.25,48.75,35.916666666666664,0.0,36.166666666666664,12.916666666666666,69.25,76.41666666666667,454.5016025469241,433.51911330186135
Louisiana,2021,4628595.0,429.9360821156312,40.5,49.0,40.0,11.916666666666666,28.5,22.166666666666668,56.166666666666664,65.75,549.5584748464295,403.47679895156153
Louisiana,2022,4600892.0,453.17299341084293,33.083333333333336,42.833333333333336,43.166666666666664,0.0,22.333333333333332,6.333333333333333,59.25,73.91666666666667,430.54103077550343,402.9413085052602
Louisiana,2023,4598777.0,467.51560251779983,38.916666666666664,55.666666666666664,40.333333333333336,36.0,35.583333333333336,22.916666666666668,60.25,80.08333333333333,429.9360821156312,400.2437360181491
Maine,2014,1331217.0,484.5190528666626,0.0,0.0,51.416666666666664,0.0,12.25,0.0,33.0,12.666666666666666,,442.9700468450083
Maine,2015,1329098.0,406.2905820338305,0.0,0.0,55.833333333333336,0.0,21.25,8.333333333333334,4.416666666666667,12.333333333333334,,432.9234155184374
Maine,2016,1332348.0,337.74959695214767,0.0,7.25,41.583333333333336,0.0,11.666666666666666,5.083333333333333,0.0,31.083333333333332,484.5190528666626,394.8210262854579
Maine,2017,1335743.0,348.1208585783343,0.0,4.75,21.833333333333332,0.0,17.666666666666668,0.0,8.25,23.75,406.2905820338305,407.01229080593055
Maine,2018,1340123.0,328.3280713785227,21.583333333333332,70.58333333333333,15.583333333333334,0.0,31.5,35.166666666666664,13.833333333333334,42.083333333333336,337.74959695214767,408.6863708548655
Maine,2019,1345770.0,356.6731313671727,7.25,51.083333333333336,22.416666666666668,0.0,28.416666666666668,39.75,14.333333333333334,49.5,348.1208585783343,410.77284130055324
Maine,2020,1350141.0,337.0018390671789,6.083333333333333,28.583333333333332,20.166666666666668,15.5,32.166666666666664,50.0,17.75,44.333333333333336,328.3280713785227,383.6663830875743
Maine,2021,1379009.0,329.9470851894368,4.416666666666667,52.583333333333336,20.833333333333332,5.0,17.083333333333332,48.75,12.333333333333334,45.75,356.6731313671727,385.21158440660344
Maine,2022,1391585.0,301.81411843329727,0.0,18.25,29.333333333333332,0.0,5.916666666666667,54.166666666666664,14.5,16.333333333333332,337.0018390671789,369.5509415990954
Maine,2023,1401992.0,313.83916598668185,10.0,44.416666666666664,21.333333333333332,27.916666666666668,26.833333333333332,44.75,21.666666666666668,49.083333333333336,329.9470851894368,382.5282579862058
Maryland,2014,5960064.0,604.8592766789081,69.25,24.833333333333332,82.5,3.75,23.5,24.666666666666668,70.83333333333333,43.666666666666664,,442.9700468450083
Maryland,2015,5988528.0,568.5871386090205,70.16666666666667,27.5,86.66666666666667,0.0,33.166666666666664,32.166666666666664,66.58333333333333,46.75,,542.8474555637468
Maryland,2016,6007014.0,514.3986679571581,60.083333333333336,30.833333333333332,80.58333333333333,5.583333333333333,31.166666666666668,29.0,67.58333333333333,48.166666666666664,604.8592766789081,520.0317576965862
Maryland,2017,6028186.0,498.491586026045,50.833333333333336,34.666666666666664,57.666666666666664,14.916666666666666,24.416666666666668,42.25,62.333333333333336,51.0,568.5871386090205,408.3961247894169
Maryland,2018,6042153.0,489.06408030382545,51.5,52.25,53.25,15.666666666666666,31.0,53.25,62.083333333333336,53.0,514.3986679571581,418.83277476845853
Maryland,2019,6054954.0,461.605488662672,59.75,59.25,55.916666666666664,19.416666666666668,35.916666666666664,52.416666666666664,71.58333333333333,58.916666666666664,498.491586026045,407.1207022465195
Maryland,2020,6055802.0,402.9193821066144,48.833333333333336,49.083333333333336,53.083333333333336,32.333333333333336,39.333333333333336,59.083333333333336,61.75,61.166666666666664,489.06408030382545,401.87339750552303
Maryland,2021,6176035.0,396.69464308411466,43.166666666666664,54.833333333333336,55.416666666666664,44.666666666666664,34.166666666666664,63.083333333333336,57.833333333333336,66.5,461.605488662672,374.87518183047746
Maryland,2022,6183257.0,339.62683420727944,42.75,48.916666666666664,67.25,49.583333333333336,32.083333333333336,58.083333333333336,69.5,61.333333333333336,402.9193821066144,391.4853649553022
Maryland,2023,6204927.0,361.8092525504329,45.666666666666664,58.666666666666664,72.5,72.66666666666667,36.333333333333336,69.33333333333333,67.66666666666667,70.0,396.69464308411466,372.96166736461134
Massachusetts,2014,6764864.0,627.5070718347035,79.08333333333333,29.25,73.91666666666667,7.833333333333333,24.666666666666668,13.416666666666666,75.33333333333333,47.583333333333336,,442.9700468450083
Massachusetts,2015,6797484.0,540.6412137196645,71.33333333333333,32.833333333333336,77.16666666666667,17.916666666666668,27.416666666666668,18.25,72.08333333333333,53.666666666666664,,608.5922897766673
Massachusetts,2016,6827280.0,481.1579428410728,61.416666666666664,35.166666666666664,63.25,12.0,33.25,23.75,72.0,58.25,627.5070718347035,612.4168837624086
Massachusetts,2017,6863560.0,497.5552045877066,55.416666666666664,34.916666666666664,54.0,23.416666666666668,24.75,31.5,67.91666666666667,59.166666666666664,540.6412137196645,571.5734080783191
Massachusetts,2018,6885720.0,500.3107881238273,57.333333333333336,62.333333333333336,50.75,28.75,33.333333333333336,32.0,74.58333333333333,64.08333333333333,481.1579428410728,596.1127341803939
Massachusetts,2019,6894883.0,496.0200194840145,59.25,60.0,47.166666666666664,29.666666666666668,37.5,44.416666666666664,80.75,67.08333333333333,497.5552045877066,606.8780427746751
Massachusetts,2020,6893574.0,472.1788726718535,50.25,50.5,44.416666666666664,35.166666666666664,38.5,53.583333333333336,79.83333333333333,72.91666666666667,500.3107881238273,613.1100774075635
Massachusetts,2021,6996721.0,465.9325418292368,39.25,56.25,48.75,47.833333333333336,32.25,49.833333333333336,73.08333333333333,67.41666666666667,496.0200194840145,555.2326054018108
Massachusetts,2022,7025465.0,454.06247130972827,44.25,51.75,55.416666666666664,57.416666666666664,29.25,57.0,77.16666666666667,70.58333333333333,472.1788726718535,515.7456241339959
Massachusetts,2023,7073479.0,472.8931831139952,40.0,59.916666666666664,52.25,71.91666666666667,35.416666666666664,52.166666666666664,75.33333333333333,70.16666666666667,465.9325418292368,518.653089867134
Michigan,2014,9932033.0,337.7958973756934,76.5,29.666666666666668,77.5,0.0,23.0,13.833333333333334,52.666666666666664,52.25,,442.9700468450083
Michigan,2015,9934483.0,324.12356033021547,79.16666666666667,35.083333333333336,80.33333333333333,3.25,24.916666666666668,13.75,50.416666666666664,56.916666666666664,,524.6537874901546
Michigan,2016,9954117.0,280.2860364209101,76.66666666666667,32.583333333333336,67.66666666666667,0.0,30.0,33.0,48.5,57.5,337.7958973756934,515.7469807522301
Michigan,2017,9976752.0,287.16760725334257,66.58333333333333,33.75,54.25,6.75,24.333333333333332,41.0,62.083333333333336,56.833333333333336,324.12356033021547,472.33700024154683
Michigan,2018,9987286.0,282.85962773069684,63.083333333333336,65.66666666666667,48.666666666666664,7.916666666666667,34.083333333333336,47.833333333333336,63.916666666666664,66.5,280.2860364209101,484.97317046481413
Michigan,2019,9984795.0,288.4385708469728,68.33333333333333,62.083333333333336,47.0,20.166666666666668,37.583333333333336,35.166666666666664,65.58333333333333,68.91666666666667,287.16760725334257,484.84223617797795
Michigan,2020,9966555.0,276.9261796076979,60.083333333333336,52.583333333333336,41.25,22.666666666666668,36.25,57.916666666666664,62.25,74.33333333333333,282.85962773069684,471.1594506602699
Michigan,2021,10042362.0,289.27457504519356,46.75,54.416666666666664,42.416666666666664,37.166666666666664,30.5,62.916666666666664,53.75,63.916666666666664,288.4385708469728,423.90076924523174
Michigan,2022,10043906.0,298.1907636331921,50.25,48.0,47.5,44.166666666666664,28.25,66.66666666666667,55.166666666666664,65.41666666666667,276.9261796076979,423.9189473966999
Michigan,2023,10062124.0,293.67556988961775,52.166666666666664,60.833333333333336,47.916666666666664,68.91666666666667,37.083333333333336,67.75,55.833333333333336,68.66666666666667,289.27457504519356,389.6682252451049
Minnesota,2014,5452665.0,582.2840757684545,61.0,27.25,70.16666666666667,10.666666666666666,19.833333333333332,4.5,53.333333333333336,51.583333333333336,,442.9700468450083
Minnesota,2015,5484002.0,557.0749244803338,64.66666666666667,25.0,82.0,19.916666666666668,25.083333333333332,15.166666666666666,54.166666666666664,61.833333333333336,,408.3406630555465
Minnesota,2016,5525360.0,502.2297189685378,60.0,28.833333333333332,79.16666666666667,28.0,31.333333333333332,25.916666666666668,58.416666666666664,63.583333333333336,582.2840757684545,417.45376872913255
Minnesota,2017,5569283.0,516.2244403812842,48.583333333333336,34.916666666666664,61.5,38.833333333333336,21.916666666666668,44.5,49.5,65.0,557.0749244803338,353.37422733541376
Minnesota,2018,5608762.0,531.3115443301035,54.833333333333336,51.166666666666664,56.25,39.166666666666664,31.333333333333332,55.25,62.166666666666664,69.5,502.2297189685378,490.9491927073549
Minnesota,2019,5640053.0,518.6121477936466,56.833333333333336,59.416666666666664,55.666666666666664,43.416666666666664,37.5,57.166666666666664,57.916666666666664,71.5,516.2244403812842,482.42646626778986
Minnesota,2020,5657342.0,468.41785417957766,49.166666666666664,49.916666666666664,52.083333333333336,44.5,37.25,64.08333333333333,56.833333333333336,75.33333333333333,531.3115443301035,515.5377513397601
Minnesota,2021,5714055.0,454.1433360371925,43.416666666666664,53.083333333333336,53.75,49.0,33.166666666666664,55.166666666666664,54.166666666666664,66.83333333333333,518.6121477936466,477.76105182845356
Minnesota,2022,5727565.0,393.7100670180085,48.25,49.5,59.666666666666664,54.916666666666664,28.666666666666668,49.333333333333336,57.916666666666664,64.25,468.41785417957766,486.3227831623289
Minnesota,2023,5752998.0,391.9695435319116,41.416666666666664,60.166666666666664,56.833333333333336,66.41666666666667,37.333333333333336,60.5,58.916666666666664,72.91666666666667,454.1433360371925,456.240406089436
Mississippi,2014,2991892.0,541.4633950690734,15.833333333333334,6.333333333333333,19.75,0.0,3.3333333333333335,0.0,8.333333333333334,20.666666666666668,,442.9700468450083
Mississippi,2015,2990231.0,478.2239231684776,24.333333333333332,10.166666666666666,38.5,0.0,5.0,0.0,0.0,8.5,,455.0308146961129
Mississippi,2016,2990595.0,486.52525667969087,7.666666666666667,7.25,28.666666666666668,0.0,6.333333333333333,8.333333333333334,0.0,33.083333333333336,541.4633950690734,502.2730913437699
Mississippi,2017,2990674.0,526.6371393204341,8.833333333333334,11.0,20.416666666666668,0.0,6.5,0.0,11.0,50.916666666666664,478.2239231684776,493.7440994249395
Mississippi,2018,2982879.0,526.3371393878195,23.75,47.833333333333336,19.833333333333332,0.0,22.0,0.0,4.833333333333333,52.416666666666664,486.52525667969087,436.10208093215675
Mississippi,2019,2978227.0,532.1958332927611,30.0,48.25,21.583333333333332,0.0,34.916666666666664,0.0,19.083333333333332,61.416666666666664,526.6371393204341,443.38982071310147
Mississippi,2020,2966786.0,453.3525505378548,26.5,49.416666666666664,19.666666666666668,0.0,36.166666666666664,0.0,4.833333333333333,54.333333333333336,526.3371393878195,475.79365324108034
Mississippi,2021,2947603.0,442.7326203698395,12.75,50.25,9.75,0.0,22.166666666666668,0.0,3.75,60.75,532.1958332927611,445.1670001283189
Mississippi,2022,2941237.0,430.09114872415927,16.0,30.666666666666668,18.916666666666668,0.0,13.583333333333334,3.4166666666666665,8.75,56.75,453.3525505378548,441.1589273001079
Mississippi,2023,2942470.0,406.1213878136395,25.416666666666668,65.75,27.0,8.083333333333334,32.833333333333336,0.0,19.5,62.916666666666664,442.7326203698395,440.8384454033831
Missouri,2014,6059130.0,820.2497718319296,56.5,20.0,62.5,0.0,16.833333333333332,15.0,48.666666666666664,46.083333333333336,,442.9700468450083
Missouri,2015,6075411.0,797.4769114385841,57.583333333333336,24.0,76.33333333333333,13.083333333333334,17.166666666666668,19.666666666666668,60.0,55.083333333333336,,423.8084760980785
Missouri,2016,6091384.0,769.9399676658046,52.583333333333336,26.333333333333332,78.25,0.0,20.083333333333332,7.916666666666667,63.166666666666664,61.25,820.2497718319296,426.98397723114135
Missouri,2017,6111382.0,781.329002179867,48.166666666666664,33.416666666666664,52.333333333333336,5.333333333333333,22.0,13.0,71.41666666666667,63.083333333333336,797.4769114385841,394.59488206706874
Missouri,2018,6125986.0,793.3416759359229,49.416666666666664,51.916666666666664,53.166666666666664,16.25,31.166666666666668,29.583333333333332,74.75,65.58333333333333,769.9399676658046,463.6059460216102
Missouri,2019,6140475.0,781.698484237783,49.833333333333336,53.666666666666664,48.25,9.75,38.333333333333336,37.666666666666664,77.5,72.08333333333333,781.329002179867,448.80104307677374
Missouri,2020,6151548.0,732.3359908757925,44.25,43.25,41.916666666666664,7.416666666666667,34.166666666666664,28.416666666666668,77.08333333333333,73.16666666666667,793.3416759359229,452.78432523056085
Missouri,2021,6172551.0,710.4032028248936,34.5,48.0,43.25,27.416666666666668,27.583333333333332,30.0,66.91666666666667,71.5,781.698484237783,424.7760246524119
Missouri,2022,6179285.0,678.071977583167,37.5,42.5,48.916666666666664,45.5,27.0,39.333333333333336,68.75,67.16666666666667,732.3359908757925,426.0690300366765
Missouri,2023,6205956.0,655.0159234129278,34.833333333333336,51.583333333333336,43.333333333333336,56.25,32.166666666666664,38.166666666666664,73.91666666666667,73.91666666666667,710.4032028248936,411.3566519642536
Montana,2014,1022657.0,449.80868463228626,0.0,0.0,7.25,0.0,10.083333333333334,0.0,0.0,0.0,,442.9700468450083
Montana,2015,1031495.0,412.02332536754903,0.0,0.0,7.916666666666667,0.0,10.666666666666666,0.0,8.333333333333334,6.916666666666667,,455.1769896297114
Montana,2016,1042137.0,388.6245282530032,0.0,0.0,8.083333333333334,0.0,6.333333333333333,0.0,0.0,0.0,449.80868463228626,453.2314835843744
Montana,2017,1053862.0,351.0896113532891,0.0,13.083333333333334,7.333333333333333,0.0,23.083333333333332,0.0,0.0,10.583333333333334,412.02332536754903,403.11508672856826
Montana,2018,1061818.0,404.9658227681203,8.333333333333334,32.916666666666664,14.25,0.0,13.666666666666666,0.0,0.0,33.916666666666664,388.6245282530032,409.98166894065474
Montana,2019,1070123.0,378.4611675480295,0.0,49.75,5.583333333333333,0.0,35.333333333333336,7.833333333333333,4.5,4.333333333333333,351.0896113532891,392.85045349141586
Montana,2020,1080577.0,356.2911296464759,7.166666666666667,37.0,19.583333333333332,0.0,19.666666666666668,0.0,0.0,19.75,404.9658227681203,441.5489028948712
Montana,2021,1106416.0,370.5658631111625,6.833333333333333,50.0,11.0,0.0,14.0,0.0,0.0,30.0,378.4611675480295,427.36531222570255
Montana,2022,1121533.0,320.9892174372043,0.0,43.083333333333336,18.083333333333332,0.0,21.25,8.333333333333334,0.0,10.5,356.2911296464759,436.48061862497843
Montana,2023,1130612.0,309.5668540578023,0.0,52.916666666666664,30.666666666666668,0.0,27.916666666666668,0.0,0.0,45.916666666666664,370.5658631111625,419.80954807729546
Nebraska,2014,1879955.0,433.52101513068135,15.5,0.0,35.916666666666664,0.0,3.4166666666666665,0.0,0.0,9.0,,442.9700468450083
Nebraska,2015,1892059.0,412.24930089389386,0.0,13.166666666666666,54.833333333333336,0.0,14.916666666666666,0.0,24.083333333333332,18.75,,423.06644297986287
Nebraska,2016,1906483.0,411.75295032790746,0.0,6.416666666666667,59.666666666666664,0.0,18.5,0.0,7.0,41.166666666666664,433.52101513068135,407.7475731769611
Nebraska,2017,1916998.0,448.6180997580592,26.166666666666668,15.916666666666666,41.583333333333336,0.0,21.0,0.0,9.083333333333334,41.916666666666664,412.24930089389386,378.3420599613874
Nebraska,2018,1925512.0,433.65089389211806,33.833333333333336,53.666666666666664,31.0,0.0,27.416666666666668,0.0,19.5,51.0,411.75295032790746,458.11776292593305
Nebraska,2019,1932571.0,481.22423445244704,38.583333333333336,53.5,40.25,0.0,29.0,0.0,26.583333333333332,68.83333333333333,448.6180997580592,458.4144985217781
Nebraska,2020,1937552.0,405.1504166081736,22.75,48.0,30.0,0.0,29.666666666666668,12.5,19.583333333333332,66.0,433.65089389211806,481.3442437925352
Nebraska,2021,1964697.0,463.175746692747,25.0,49.416666666666664,31.083333333333332,0.0,27.333333333333332,0.0,23.75,54.5,481.22423445244704,451.51087726509223
Nebraska,2022,1972595.0,471.4601831597464,16.833333333333332,42.333333333333336,40.0,0.0,22.75,0.0,31.25,52.166666666666664,405.1504166081736,441.35937171554247
Nebraska,2023,1988172.0,548.2423049917211,12.083333333333334,59.083333333333336,34.083333333333336,13.5,31.666666666666668,15.25,30.416666666666668,57.0,463.175746692747,417.44419989234535
Nevada,2014,2818935.0,223.488657950609,44.583333333333336,15.583333333333334,63.416666666666664,0.0,10.166666666666666,0.0,40.583333333333336,39.166666666666664,,442.9700468450083
Nevada,2015,2868531.0,284.11755006308107,54.166666666666664,29.583333333333332,73.83333333333333,0.0,19.666666666666668,0.0,42.5,43.75,,312.94981096733443
Nevada,2016,2919555.0,282.57731058329097,42.583333333333336,29.083333333333332,61.416666666666664,0.0,28.416666666666668,0.0,30.666666666666668,51.5,223.488657950609,305.55639261102374
Nevada,2017,2972097.0,242.25319698515895,40.0,28.25,41.833333333333336,0.0,20.333333333333332,7.75,29.666666666666668,59.666666666666664,284.11755006308107,279.7174757021271
Nevada,2018,3030725.0,288.7097971607454,50.75,57.666666666666664,41.833333333333336,0.0,35.416666666666664,7.583333333333333,35.416666666666664,65.66666666666667,282.57731058329097,273.4619195834684
Nevada,2019,3090771.0,312.2198312330483,48.25,55.666666666666664,32.083333333333336,0.0,38.833333333333336,0.0,38.166666666666664,70.0,242.25319698515895,294.5656939358121
Nevada,2020,3138259.0,358.47901655025925,39.833333333333336,44.0,37.75,0.0,39.25,6.0,38.416666666666664,64.83333333333333,288.7097971607454,288.97757419368
New Jersey,2014,8867277.0,532.858057778053,75.66666666666667,22.583333333333332,80.5,0.0,23.166666666666668,12.0,78.83333333333333,49.083333333333336,,442.9700468450083
New Jersey,2015,8870312.0,533.8030950884253,72.08333333333333,24.333333333333332,80.66666666666667,0.0,29.0,12.0,84.91666666666667,50.166666666666664,,651.1502942033615
New Jersey,2016,8873584.0,502.61540320123186,56.583333333333336,26.416666666666668,67.41666666666667,8.25,27.833333333333332,20.583333333333332,80.66666666666667,49.833333333333336,532.858057778053,640.7831676705953
New Jersey,2017,8888147.0,495.6038643375273,53.75,27.5,51.75,6.666666666666667,25.833333333333332,22.666666666666668,82.0,56.75,533.8030950884253,454.8436459336372
New Jersey,2018,8891730.0,531.3926536230857,51.916666666666664,46.416666666666664,45.0,16.916666666666668,35.25,37.583333333333336,77.33333333333333,62.666666666666664,502.61540320123186,460.1781647950175
New Jersey,2019,8891258.0,444.8189446307823,51.0,45.75,39.416666666666664,10.416666666666666,38.166666666666664,32.416666666666664,73.91666666666667,60.916666666666664,495.6038643375273,463.41017480650765
New Jersey,2020,8882371.0,376.5886383264108,46.916666666666664,35.083333333333336,35.5,27.083333333333332,36.166666666666664,35.083333333333336,77.0,65.25,531.3926536230857,456.757645085092
New Jersey,2021,9266509.0,451.62638918280874,32.583333333333336,39.0,39.416666666666664,44.666666666666664,33.0,48.25,72.25,61.0,444.8189446307823,405.7210567250501
New Jersey,2022,9298402.0,440.3982533773008,35.416666666666664,33.666666666666664,48.0,41.75,26.583333333333332,35.416666666666664,67.66666666666667,59.666666666666664,376.5886383264108,395.26351142252344
New Jersey,2023,9395315.0,431.5980890475732,38.083333333333336,45.75,46.666666666666664,71.25,36.75,53.25,70.41666666666667,67.25,451.62638918280874,387.07192242347696
New Mexico,2014,2090236.0,308.57759602265,14.083333333333334,0.0,40.5,0.0,3.8333333333333335,0.0,7.5,7.166666666666667,,442.9700468450083
New Mexico,2015,2090071.0,363.6240108589613,5.416666666666667,15.416666666666666,41.416666666666664,0.0,13.5,0.0,6.833333333333333,14.0,,296.6904482284024
New Mexico,2016,2092555.0,363.19236531417334,14.583333333333334,11.333333333333334,34.166666666666664,0.0,18.416666666666668,0.0,0.0,25.583333333333332,308.57759602265,290.3693915438174
New Mexico,2017,2092844.0,358.3640252211823,32.75,17.0,35.166666666666664,0.0,16.916666666666668,0.0,6.0,46.0,363.6240108589613,258.92072356197974
New Mexico,2018,2093754.0,353.43216060721556,21.583333333333332,48.583333333333336,31.916666666666668,8.333333333333334,28.333333333333332,0.0,35.083333333333336,55.5,363.19236531417334,260.9833995124142
New Mexico,2019,2099634.0,321.48460160199346,34.0,59.416666666666664,37.75,0.0,27.916666666666668,12.5,37.083333333333336,65.5,358.3640252211823,263.54163163952796
New Mexico,2020,2106319.0,318.09046967719513,20.25,57.166666666666664,29.333333333333332,0.0,30.666666666666668,6.083333333333333,40.0,59.25,353.43216060721556,266.8601459869472
New Mexico,2021,2117300.0,309.35625560855806,5.666666666666667,51.916666666666664,26.5,6.75,27.333333333333332,0.0,40.833333333333336,54.666666666666664,321.48460160199346,271.71641415678175
New Mexico,2022,2112859.0,269.77663914156125,3.0833333333333335,43.0,33.833333333333336,6.166666666666667,23.166666666666668,10.666666666666666,70.16666666666667,60.75,318.09046967719513,272.27808415453427
New Mexico,2023,2119349.0,285.46501779555894,3.25,63.333333333333336,41.666666666666664,10.916666666666666,36.5,14.333333333333334,44.75,72.58333333333333,309.35625560855806,254.07426591696282
New York,2014,19653431.0,738.2934816826639,74.08333333333333,25.833333333333332,76.33333333333333,10.166666666666666,25.75,24.583333333333332,83.33333333333333,56.25,,442.9700468450083
New York,2015,19657321.0,737.3843058268214,70.0,26.333333333333332,79.91666666666667,18.166666666666668,28.75,31.666666666666668,76.75,58.833333333333336,,503.01331390565787
New York,2016,19636391.0,700.7397642469026,63.583333333333336,28.666666666666668,66.75,25.75,30.75,42.916666666666664,79.58333333333333,64.41666666666667,738.2934816826639,478.5608047113253
New York,2017,19593849.0,710.4270324835105,51.583333333333336,29.666666666666668,52.666666666666664,23.083333333333332,27.583333333333332,38.666666666666664,81.08333333333333,65.5,737.3843058268214,431.84833586415164
New York,2018,19544098.0,725.0270644365373,51.416666666666664,47.333333333333336,51.583333333333336,28.916666666666668,35.583333333333336,42.0,85.58333333333333,76.33333333333333,700.7397642469026,438.74163429804304
New York,2019,19463131.0,715.9690802060574,54.0,50.416666666666664,53.0,37.166666666666664,44.083333333333336,44.666666666666664,89.5,80.91666666666667,710.4270324835105,459.5930777113081
New York,2020,19336776.0,620.5791492852791,42.916666666666664,38.166666666666664,44.583333333333336,42.25,40.25,43.0,80.83333333333333,77.08333333333333,725.0270644365373,425.5439469097967
New York,2021,19835345.0,555.5739010337355,36.833333333333336,41.833333333333336,49.416666666666664,49.5,33.833333333333336,52.166666666666664,74.41666666666667,77.08333333333333,715.9690802060574,379.37795456372316
New York,2022,19713025.0,570.1813902229618,33.666666666666664,38.583333333333336,55.916666666666664,53.833333333333336,29.833333333333332,46.25,78.75,71.5,620.5791492852791,394.1573756589532
New York,2023,19786543.0,578.9288204614621,36.833333333333336,46.5,56.75,87.33333333333333,39.333333333333336,54.666666666666664,83.5,79.08333333333333,555.5739010337355,391.70297779947794
North Carolina,2014,9937295.0,443.2795846354566,62.75,24.416666666666668,70.0,6.916666666666667,24.75,19.416666666666668,70.66666666666667,41.75,,442.9700468450083
North Carolina,2015,10037218.0,420.9333701828535,65.33333333333333,31.416666666666668,83.5,0.0,25.583333333333332,10.916666666666666,63.5,49.666666666666664,,334.0561686628509
North Carolina,2016,10161802.0,381.8220429801722,57.166666666666664,31.75,76.33333333333333,11.25,28.75,28.583333333333332,69.58333333333333,53.166666666666664,443.2795846354566,339.8259259647249
North Carolina,2017,10275758.0,375.1548060980027,52.5,32.833333333333336,53.0,17.166666666666668,22.75,37.333333333333336,59.0,52.5,420.9333701828535,317.09042661022403
North Carolina,2018,10391358.0,357.9897834335031,52.833333333333336,56.5,50.583333333333336,30.0,27.25,51.5,62.583333333333336,56.333333333333336,381.8220429801722,314.68150944718485
North Carolina,2019,10501384.0,351.38225590074603,55.75,55.333333333333336,45.333333333333336,29.166666666666668,31.833333333333332,41.583333333333336,67.41666666666667,61.166666666666664,375.1548060980027,311.7357573415075
North Carolina,2020,10600823.0,295.7317559212148,48.75,45.25,42.833333333333336,28.583333333333332,31.5,55.583333333333336,62.25,61.0,357.9897834335031,305.90901814594685
North Carolina,2021,10565503.0,318.0160944538088,38.916666666666664,48.5,44.416666666666664,42.333333333333336,29.083333333333332,57.333333333333336,59.916666666666664,61.083333333333336,351.38225590074603,295.8616595657486
North Carolina,2022,10705768.0,332.53102439731555,38.416666666666664,47.916666666666664,53.75,62.916666666666664,26.666666666666668,51.166666666666664,67.66666666666667,62.416666666666664,295.7317559212148,295.1706506654088
North Carolina,2023,10871849.0,349.9864650438026,42.916666666666664,61.833333333333336,53.75,75.66666666666667,37.166666666666664,72.16666666666667,70.75,68.66666666666667,318.0160944538088,280.9573418205438
North Dakota,2014,738736.0,473.7822442658811,0.0,0.0,0.0,0.0,4.833333333333333,0.0,8.333333333333334,8.333333333333334,,442.9700468450083
North Dakota,2015,755537.0,516.1891475864187,0.0,0.0,14.25,0.0,0.0,0.0,0.0,5.25,,544.1085973494405
North Dakota,2016,756114.0,429.8293643551104,0.0,0.0,14.333333333333334,0.0,24.333333333333332,8.333333333333334,0.0,0.0,473.7822442658811,516.0913005124988
North Dakota,2017,756755.0,502.1440228343387,0.0,0.0,0.0,0.0,6.833333333333333,0.0,0.0,5.416666666666667,516.1891475864187,457.1163508891525
North Dakota,2018,760062.0,453.9103388934061,0.0,7.0,5.333333333333333,0.0,17.0,0.0,0.0,14.416666666666666,429.8293643551104,451.24440944139707
North Dakota,2019,763724.0,477.9213433125056,0.0,29.666666666666668,9.333333333333334,0.0,6.083333333333333,0.0,0.0,12.0,502.1440228343387,484.56127674803355
North Dakota,2020,765309.0,509.59808391120447,0.0,6.0,13.0,0.0,5.25,0.0,0.0,23.0,453.9103388934061,509.44151138792796
North Dakota,2021,777977.0,514.1540174066843,0.0,38.25,3.5,0.0,7.666666666666667,0.0,0.0,14.0,477.9213433125056,452.264166551566
North Dakota,2022,780191.0,506.28628117986494,0.0,6.083333333333333,0.0,0.0,11.833333333333334,0.0,0.0,12.333333333333334,509.59808391120447,473.8685204014967
North Dakota,2023,787071.0,425.62869169363375,0.0,33.833333333333336,7.416666666666667,0.0,13.833333333333334,3.8333333333333335,3.25,20.0,514.1540174066843,423.3865045009377
Ohio,2014,11606573.0,570.797254279967,63.25,32.166666666666664,75.16666666666667,3.0,25.333333333333332,25.416666666666668,63.416666666666664,55.5,,442.9700468450083
Ohio,2015,11622315.0,567.0126820689338,65.5,35.583333333333336,79.58333333333333,2.6666666666666665,27.333333333333332,25.0,64.5,58.5,,504.964937820895
Ohio,2016,11640060.0,530.4955472738112,55.75,39.666666666666664,77.58333333333333,4.25,30.5,46.083333333333336,64.41666666666667,68.66666666666667,570.797254279967,482.8401516578003
Ohio,2017,11665706.0,538.7586486407251,52.583333333333336,41.166666666666664,53.416666666666664,13.083333333333334,26.833333333333332,51.916666666666664,67.91666666666667,62.583333333333336,567.0126820689338,439.6394530738251
Ohio,2018,11680892.0,538.4862731373597,52.833333333333336,67.08333333333333,47.333333333333336,14.25,30.583333333333332,53.916666666666664,75.25,67.33333333333333,530.4955472738112,461.3540577476929
Ohio,2019,11696507.0,503.141664430244,55.0,65.41666666666667,46.0,28.916666666666668,38.083333333333336,54.75,75.41666666666667,75.16666666666667,538.7586486407251,445.0494393846476
Ohio,2020,11693217.0,452.826625897732,51.75,55.0,37.583333333333336,28.583333333333332,36.0,63.166666666666664,77.91666666666667,75.33333333333333,538.4862731373597,423.5004041550869
Ohio,2021,11761443.0,451.05009648901074,38.583333333333336,57.083333333333336,40.25,34.25,30.75,61.75,61.916666666666664,69.91666666666667,503.141664430244,393.1618953505726
Ohio,2022,11764950.0,422.0162431629543,39.25,54.25,48.166666666666664,43.5,28.75,73.66666666666667,76.08333333333333,69.33333333333333,452.826625897732,398.0894841918072
Ohio,2023,11808390.0,432.31973198717185,41.25,63.5,47.166666666666664,60.583333333333336,35.5,76.91666666666667,78.16666666666667,75.25,451.05009648901074,372.8708832538433
Oklahoma,2014,3879187.0,358.32250417419937,42.333333333333336,14.0,61.083333333333336,7.333333333333333,19.083333333333332,0.0,35.666666666666664,43.666666666666664,,442.9700468450083
Oklahoma,2015,3910518.0,354.1730277165327,61.583333333333336,20.416666666666668,59.083333333333336,8.333333333333334,19.083333333333332,0.0,30.416666666666668,39.833333333333336,,427.14313744672364
Oklahoma,2016,3928143.0,295.3049316178153,57.083333333333336,25.916666666666668,51.833333333333336,0.0,19.583333333333332,0.0,23.75,40.916666666666664,358.32250417419937,431.5955040324995
Oklahoma,2017,3933602.0,297.4373106379344,51.0,26.833333333333332,51.333333333333336,0.0,24.833333333333332,0.0,32.666666666666664,59.5,354.1730277165327,403.74975421289327
Oklahoma,2018,3943488.0,240.90348442799876,40.333333333333336,59.583333333333336,49.833333333333336,0.0,35.083333333333336,0.0,67.0,56.5,295.3049316178153,407.21604715461757
Oklahoma,2019,3960676.0,267.63108115887286,57.75,59.666666666666664,44.0,0.0,36.833333333333336,0.0,50.333333333333336,63.916666666666664,297.4373106379344,414.2046517386716
Oklahoma,2020,3980783.0,234.87841462345472,44.75,50.166666666666664,35.75,0.0,31.583333333333332,0.0,55.416666666666664,67.08333333333333,240.90348442799876,422.6955709138322
Oklahoma,2021,3992760.0,241.68745429226905,45.75,54.583333333333336,34.416666666666664,10.583333333333334,29.666666666666668,8.166666666666666,53.25,61.416666666666664,267.63108115887286,409.49685537227487
Oklahoma,2022,4025327.0,249.66915731318224,43.583333333333336,43.916666666666664,41.166666666666664,17.0,26.25,8.333333333333334,58.666666666666664,64.5,234.87841462345472,403.1312693993055
Oklahoma,2023,4062716.0,269.5241311477347,29.333333333333332,63.25,44.083333333333336,40.416666666666664,33.333333333333336,13.166666666666666,62.0,70.16666666666667,241.68745429226905,387.2443711369017
Oregon,2014,3965447.0,306.3967315664539,33.333333333333336,18.916666666666668,57.0,5.5,13.5,10.75,42.75,41.333333333333336,,442.9700468450083
Oregon,2015,4018542.0,299.85999897475256,34.25,18.083333333333332,57.666666666666664,11.75,14.916666666666666,3.5833333333333335,23.416666666666668,35.5,,265.5180877332549
Oregon,2016,4093271.0,252.85401333065903,47.833333333333336,33.833333333333336,63.666666666666664,23.5,20.916666666666668,17.5,34.416666666666664,49.666666666666664,306.3967315664539,272.37515585650846
Oregon,2017,4147294.0,215.80336479641903,49.5,36.416666666666664,58.75,34.916666666666664,21.0,26.166666666666668,47.833333333333336,48.916666666666664,299.85999897475256,253.373273986466
Oregon,2018,4183538.0,228.2756843609405,52.833333333333336,56.833333333333336,53.75,36.25,28.583333333333332,36.583333333333336,64.66666666666667,64.08333333333333,252.85401333065903,238.2807422492552
Oregon,2019,4216116.0,215.83846364758463,64.66666666666667,59.75,58.416666666666664,48.0,37.75,26.833333333333332,60.833333333333336,71.5,215.80336479641903,261.7750262284915
Oregon,2020,4241507.0,226.33464945360225,55.25,60.416666666666664,52.0,48.333333333333336,44.75,40.083333333333336,66.33333333333333,71.66666666666667,228.2756843609405,267.3651545736052
Oregon,2021,4254691.0,220.9326129676632,41.666666666666664,60.916666666666664,56.166666666666664,54.75,30.916666666666668,61.166666666666664,70.16666666666667,67.83333333333333,215.83846364758463,268.0257115371029
Oregon,2022,4245964.0,214.32117653376244,44.166666666666664,52.583333333333336,68.0,56.5,29.333333333333332,33.416666666666664,58.0,74.5,226.33464945360225,232.67288413393305
Oregon,2023,4250392.0,244.68331391551652,48.083333333333336,64.33333333333333,66.0,79.58333333333333,39.666666666666664,62.0,69.75,70.58333333333333,220.9326129676632,229.7726377010339
Pennsylvania,2014,12792392.0,564.0071067240591,76.75,22.083333333333332,76.25,13.083333333333334,20.583333333333332,30.333333333333332,69.91666666666667,54.416666666666664,,442.9700468450083
Pennsylvania,2015,12789838.0,544.1820295143691,69.16666666666667,24.833333333333332,80.16666666666667,24.083333333333332,27.333333333333332,39.25,72.58333333333333,60.5,,620.1322041024478
Pennsylvania,2016,12788468.0,495.36817076134525,56.416666666666664,29.833333333333332,65.91666666666667,29.333333333333332,31.75,50.666666666666664,68.5,67.08333333333333,564.0071067240591,600.1640402004456
Pennsylvania,2017,12794679.0,497.8632132935887,61.25,30.916666666666668,51.083333333333336,26.666666666666668,28.666666666666668,49.333333333333336,74.16666666666667,67.75,544.1820295143691,498.2800720236514
Pennsylvania,2018,12809107.0,494.5699961753774,55.916666666666664,50.333333333333336,46.333333333333336,29.166666666666668,33.75,59.916666666666664,77.33333333333333,71.75,495.36817076134525,502.9349026052277
Pennsylvania,2019,12798883.0,464.8843184205997,56.5,51.833333333333336,43.833333333333336,31.166666666666668,41.75,58.0,77.16666666666667,74.5,497.8632132935887,502.77227761010766
Pennsylvania,2020,12783254.0,404.044228488302,50.833333333333336,43.166666666666664,36.916666666666664,36.25,37.416666666666664,64.41666666666667,80.58333333333333,78.41666666666667,494.5699961753774,470.77155693643135
Pennsylvania,2021,13016628.0,396.41603032674817,42.75,43.833333333333336,42.416666666666664,41.166666666666664,31.333333333333332,64.5,71.33333333333333,70.5,464.8843184205997,422.6180279025992
Pennsylvania,2022,12984655.0,355.8046016625009,40.166666666666664,40.75,45.916666666666664,51.916666666666664,28.166666666666668,69.25,72.25,74.5,404.044228488302,432.5811620532136
Pennsylvania,2023,13009406.0,378.9565795701971,41.583333333333336,49.75,45.75,66.66666666666667,34.916666666666664,73.75,77.66666666666667,76.33333333333333,396.41603032674817,413.9627301355638
Rhode Island,2014,1056511.0,799.802368361522,14.083333333333334,0.0,33.833333333333336,0.0,0.0,0.0,15.083333333333334,6.583333333333333,,442.9700468450083
Rhode Island,2015,1056886.0,804.2494649375618,0.0,8.083333333333334,37.5,0.0,0.0,0.0,0.0,5.083333333333333,,627.5070718347035
Rhode Island,2016,1057816.0,765.7286333350979,11.666666666666666,0.0,24.5,0.0,7.25,0.0,0.0,38.25,799.802368361522,540.6412137196645
Rhode Island,2017,1056554.0,813.9669150843214,4.833333333333333,0.0,9.5,0.0,6.833333333333333,0.0,8.166666666666666,19.083333333333332,804.2494649375618,481.1579428410728
Rhode Island,2018,1059338.0,783.5081909645459,0.0,41.5,11.5,0.0,4.583333333333333,4.916666666666667,11.083333333333334,23.833333333333332,765.7286333350979,497.5552045877066
Rhode Island,2019,1058158.0,826.9086469128429,4.083333333333333,26.083333333333332,22.083333333333332,0.0,16.25,0.0,7.0,32.416666666666664,813.9669150843214,500.3107881238273
Rhode Island,2020,1057125.0,780.4185881518268,9.083333333333334,4.75,0.0,0.0,12.416666666666666,8.333333333333334,12.0,38.916666666666664,783.5081909645459,496.0200194840145
Rhode Island,2021,1097381.0,729.0084300712332,5.666666666666667,40.333333333333336,22.416666666666668,0.0,11.75,4.333333333333333,26.416666666666668,29.666666666666668,826.9086469128429,472.1788726718535
Rhode Island,2022,1098275.0,669.2312945300584,0.0,20.666666666666668,4.666666666666667,0.0,4.916666666666667,0.0,0.0,21.5,780.4185881518268,465.9325418292368
Rhode Island,2023,1101183.0,658.3828482640942,5.75,56.916666666666664,11.333333333333334,0.0,21.416666666666668,0.0,19.333333333333332,40.416666666666664,729.0084300712332,454.06247130972827
South Carolina,2014,4826858.0,307.6535501976648,61.416666666666664,12.5,63.916666666666664,0.0,13.583333333333334,0.0,62.5,37.25,,442.9700468450083
South Carolina,2015,4896006.0,287.989843149702,79.25,19.0,76.0,0.0,28.083333333333332,0.0,49.416666666666664,43.666666666666664,,343.02547768364883
South Carolina,2016,4963031.0,258.9143610023794,53.333333333333336,27.5,72.08333333333333,0.0,20.333333333333332,7.5,48.166666666666664,51.0,307.6535501976648,331.2520492047988
South Carolina,2017,5027102.0,272.5228173209933,44.5,28.833333333333332,46.0,6.5,21.666666666666668,0.0,52.916666666666664,49.916666666666664,287.989843149702,300.28739475774387
South Carolina,2018,5091702.0,274.9571754199283,61.5,58.416666666666664,43.75,0.0,31.416666666666668,5.666666666666667,49.666666666666664,50.916666666666664,258.9143610023794,299.6534830760263
South Carolina,2019,5157702.0,276.28583427270513,50.416666666666664,55.0,32.0,13.333333333333334,34.25,0.0,53.0,58.083333333333336,272.5228173209933,292.11933268951145
South Carolina,2020,5218040.0,249.13569079577772,56.416666666666664,44.416666666666664,32.916666666666664,4.5,33.833333333333336,12.25,55.333333333333336,58.916666666666664,274.9571754199283,284.13089377693336
South Carolina,2021,5194346.0,254.1224631551306,39.0,52.25,36.75,15.333333333333334,30.75,10.5,46.916666666666664,57.916666666666664,276.28583427270513,248.23920136429572
South Carolina,2022,5288957.0,226.88783440667032,38.833333333333336,48.666666666666664,35.916666666666664,17.833333333333332,31.5,14.166666666666666,58.0,57.833333333333336,249.13569079577772,254.20830502271684
South Carolina,2023,5390798.0,221.67404528976977,32.416666666666664,60.666666666666664,39.833333333333336,47.916666666666664,36.75,32.916666666666664,52.916666666666664,58.583333333333336,254.1224631551306,262.33145625424356
South Dakota,2014,849670.0,600.2330316475808,8.333333333333334,0.0,15.333333333333334,0.0,0.0,0.0,0.0,8.333333333333334,,442.9700468450083
South Dakota,2015,854663.0,579.1756516896133,0.0,0.0,29.0,0.0,0.0,0.0,0.0,0.0,,395.6614920106693
South Dakota,2016,863693.0,480.49480544591654,0.0,8.333333333333334,27.416666666666668,0.0,7.666666666666667,0.0,0.0,0.0,600.2330316475808,384.32995829290684
South Dakota,2017,873732.0,486.41917658961785,0.0,4.833333333333333,0.0,0.0,8.0,0.0,0.0,10.166666666666666,579.1756516896133,356.9280615688681
South Dakota,2018,879386.0,517.4064631458768,0.0,7.5,4.833333333333333,0.0,19.083333333333332,0.0,0.0,15.333333333333334,480.49480544591654,444.5026243060108
South Dakota,2019,887127.0,631.2512188221078,0.0,11.166666666666666,19.5,0.0,8.333333333333334,0.0,0.0,33.333333333333336,486.41917658961785,439.57360241002954
South Dakota,2020,892717.0,532.0835158286445,0.0,13.75,13.333333333333334,0.0,7.5,0.0,0.0,21.583333333333332,517.4064631458768,444.45096996192586
South Dakota,2021,896303.0,596.896362056135,0.0,9.166666666666666,4.666666666666667,0.0,8.25,0.0,0.0,14.083333333333334,631.2512188221078,422.43773597795274
South Dakota,2022,909156.0,555.4602290476003,0.0,11.5,3.9166666666666665,0.0,9.166666666666666,0.0,0.0,3.75,532.0835158286445,418.32646264059537
South Dakota,2023,917739.0,539.3690362946328,0.0,5.666666666666667,7.166666666666667,0.0,16.583333333333332,0.0,0.0,28.0,596.896362056135,393.10019845862263
Tennessee,2014,6544617.0,375.1174438473634,64.58333333333333,21.0,74.0,9.416666666666666,19.333333333333332,14.166666666666666,67.83333333333333,43.75,,442.9700468450083
Tennessee,2015,6595354.0,407.8628683160904,72.16666666666667,27.333333333333332,78.16666666666667,0.0,23.5,4.333333333333333,70.83333333333333,55.416666666666664,,496.79282432952
Tennessee,2016,6651277.0,393.909319969684,59.916666666666664,34.5,69.08333333333333,11.0,28.916666666666668,18.25,70.41666666666667,50.75,375.1174438473634,488.6102620830966
Tennessee,2017,6714748.0,358.9114587770085,56.5,32.083333333333336,52.833333333333336,21.833333333333332,22.583333333333332,45.25,69.33333333333333,55.583333333333336,407.8628683160904,461.0163714519899
Tennessee,2018,6778180.0,344.48775334971924,57.833333333333336,57.166666666666664,51.166666666666664,12.666666666666666,29.166666666666668,47.5,75.83333333333333,67.33333333333333,393.909319969684,471.6287053063083
Tennessee,2019,6830325.0,286.9555987453013,60.0,56.166666666666664,48.25,20.75,33.916666666666664,43.833333333333336,76.33333333333333,65.83333333333333,358.9114587770085,469.3525835276702
Tennessee,2020,6886834.0,320.9021736257909,55.666666666666664,49.666666666666664,45.0,40.666666666666664,35.666666666666664,58.666666666666664,76.66666666666667,69.08333333333333,344.48775334971924,474.94306150823115
Tennessee,2021,6966687.0,307.17613695003087,44.75,52.0,44.25,39.416666666666664,31.75,45.083333333333336,62.833333333333336,64.75,286.9555987453013,437.100128273186
Tennessee,2022,7063325.0,280.3212368112751,42.166666666666664,46.666666666666664,48.916666666666664,37.75,26.5,55.416666666666664,71.83333333333333,66.75,320.9021736257909,438.6592205935352
Tennessee,2023,7153029.0,275.40780276439534,39.083333333333336,60.666666666666664,45.916666666666664,60.75,32.75,56.5,77.91666666666667,74.25,307.17613695003087,430.49880402148744
Texas,2014,26963092.0,235.3216760154955,79.58333333333333,25.25,70.0,9.666666666666666,17.166666666666668,49.25,75.41666666666667,45.0,,442.9700468450083
Texas,2015,27468531.0,228.4432320024686,82.66666666666667,30.25,83.41666666666667,17.333333333333332,20.25,53.833333333333336,78.75,52.833333333333336,,414.21877510945615
Texas,2016,27914064.0,187.5398723740119,70.41666666666667,33.166666666666664,68.5,21.833333333333332,26.0,60.5,73.91666666666667,53.083333333333336,235.3216760154955,454.18836107267833
Texas,2017,28291024.0,182.21327018774576,61.666666666666664,34.166666666666664,50.916666666666664,27.583333333333332,21.0,51.916666666666664,75.58333333333333,54.75,228.4432320024686,436.45506880928076
Texas,2018,28624564.0,181.1381301737906,59.416666666666664,58.833333333333336,48.0,29.916666666666668,27.083333333333332,55.75,79.5,60.5,187.5398723740119,401.2990299696446
Texas,2019,28986794.0,177.49462048131298,64.0,61.583333333333336,45.083333333333336,34.416666666666664,33.916666666666664,62.25,86.83333333333333,68.33333333333333,182.21327018774576,395.0043384561999
Texas,2020,29360759.0,173.0200503331675,55.333333333333336,51.0,41.666666666666664,38.416666666666664,32.583333333333336,63.083333333333336,82.75,69.08333333333333,181.1381301737906,432.3852609347015
Texas,2021,29572672.0,179.72674231127982,47.0,55.166666666666664,46.333333333333336,43.583333333333336,31.166666666666668,68.0,73.41666666666667,68.5,177.49462048131298,391.8919277649539
Texas,2022,30118002.0,181.6189533422569,45.083333333333336,51.583333333333336,55.0,55.333333333333336,29.0,73.41666666666667,80.0,67.41666666666667,173.0200503331675,391.83608871277994
Texas,2023,30719247.0,175.29726558727174,45.583333333333336,64.41666666666667,53.0,72.66666666666667,36.5,76.08333333333333,87.5,74.75,179.72674231127982,390.4099739634044
Utah,2014,2938327.0,398.1857703380188,40.25,22.583333333333332,52.0,0.0,21.666666666666668,0.0,28.083333333333332,47.25,,442.9700468450083
Utah,2015,2983626.0,400.51936804411815,26.416666666666668,26.166666666666668,63.416666666666664,0.0,20.916666666666668,0.0,21.25,50.583333333333336,,263.0408475126459
Utah,2016,3044241.0,369.5502425727792,30.166666666666668,43.083333333333336,58.833333333333336,7.583333333333333,28.583333333333332,13.0,7.083333333333333,59.5,398.1857703380188,276.15650847102023
Utah,2017,3103540.0,386.6552388562738,39.583333333333336,39.583333333333336,43.416666666666664,0.0,27.25,0.0,26.333333333333332,53.166666666666664,400.51936804411815,277.3998675054869
Utah,2018,3155153.0,397.76201027335287,53.166666666666664,63.333333333333336,46.25,0.0,28.75,4.083333333333333,24.916666666666668,62.666666666666664,369.5502425727792,256.12204149689325
Utah,2019,3203383.0,419.8686201431424,52.25,68.41666666666667,40.583333333333336,0.0,39.333333333333336,20.083333333333332,31.5,67.66666666666667,386.6552388562738,269.4562099050846
Utah,2020,3249879.0,486.1719467094005,51.0,55.833333333333336,36.5,4.25,37.75,13.833333333333334,51.083333333333336,71.08333333333333,397.76201027335287,263.69699750729
Utah,2021,3339874.0,479.05998849058375,38.75,61.416666666666664,36.916666666666664,3.4166666666666665,33.0,19.166666666666668,45.333333333333336,67.91666666666667,419.8686201431424,276.2990964565198
Utah,2022,3393928.0,459.64440023477226,42.5,56.833333333333336,43.916666666666664,19.0,30.166666666666668,7.916666666666667,27.333333333333332,67.0,486.1719467094005,242.16599192480317
Utah,2023,3449259.0,471.1156802084158,38.833333333333336,67.08333333333333,43.75,43.25,35.083333333333336,31.333333333333332,47.166666666666664,67.66666666666667,479.05998849058375,211.72439796014623
Vermont,2014,625693.0,287.68101928581586,0.0,0.0,14.833333333333334,0.0,0.0,0.0,6.416666666666667,0.0,,442.9700468450083
Vermont,2015,625810.0,295.6168805228424,0.0,15.166666666666666,7.416666666666667,8.333333333333334,0.0,0.0,8.333333333333334,0.0,,682.9002767586837
Vermont,2016,624366.0,248.2518266529567,0.0,0.0,15.083333333333334,0.0,7.166666666666667,0.0,19.5,0.0,287.68101928581586,639.012759773243
Vermont,2017,625132.0,263.94425497334964,0.0,0.0,12.25,0.0,25.666666666666668,0.0,4.833333333333333,15.083333333333334,295.6168805228424,590.9488535439878
Vermont,2018,624802.0,312.098872922942,0.0,6.583333333333333,7.083333333333333,0.0,15.833333333333334,0.0,0.0,11.75,248.2518266529567,603.9911185356086
Vermont,2019,624046.0,296.45250510379043,0.0,5.916666666666667,0.0,0.0,6.416666666666667,8.333333333333334,9.75,0.0,263.94425497334964,612.6689262801823
Vermont,2020,623347.0,264.7000787683265,0.0,0.0,5.5,0.0,0.0,0.0,0.0,5.166666666666667,312.098872922942,605.9945498450359
Vermont,2021,647238.0,262.654541297019,0.0,0.0,10.583333333333334,0.0,12.666666666666666,0.0,4.416666666666667,11.583333333333334,296.45250510379043,546.3790109785663
Vermont,2022,647614.0,316.5465848483819,0.0,10.916666666666666,11.25,0.0,16.833333333333332,0.0,0.0,5.25,264.7000787683265,510.75322143148617
Virginia,2014,8315430.0,410.6823098745344,80.83333333333333,27.416666666666668,84.08333333333333,2.5,26.666666666666668,17.833333333333332,69.66666666666667,48.0,,442.9700468450083
Virginia,2015,8367303.0,421.8802641663629,62.083333333333336,21.583333333333332,64.75,4.5,17.166666666666668,20.5,52.5,43.083333333333336,,516.1691469481735
Virginia,2016,8417651.0,396.7852789335172,51.416666666666664,22.75,55.5,10.0,25.916666666666668,19.833333333333332,47.166666666666664,40.75,410.6823098745344,502.5927897049971
Virginia,2017,8471011.0,403.1396016366878,60.75,30.0,57.916666666666664,26.833333333333332,28.916666666666668,26.333333333333332,67.66666666666667,59.666666666666664,421.8802641663629,469.0173688342338
Virginia,2018,8510920.0,401.24921865086264,61.916666666666664,50.583333333333336,59.25,16.5,30.75,39.416666666666664,66.16666666666667,59.416666666666664,396.7852789335172,467.25179124597736
Virginia,2019,8556642.0,443.5151079126601,67.33333333333333,54.0,56.583333333333336,23.416666666666668,38.083333333333336,46.75,76.33333333333333,67.91666666666667,403.1396016366878,440.53860530733607
Virginia,2020,8590563.0,412.6621270340489,62.833333333333336,45.666666666666664,51.5,42.083333333333336,37.0,56.333333333333336,74.91666666666667,69.41666666666667,401.24921865086264,403.5362603595941
Virginia,2021,8660007.0,428.9834869648489,53.25,47.0,56.25,44.416666666666664,33.083333333333336,62.666666666666664,70.0,67.91666666666667,443.5151079126601,378.1243843607925
Virginia,2022,8681038.0,424.4884079530582,50.916666666666664,43.583333333333336,64.25,61.25,30.666666666666668,66.0,71.83333333333333,67.5,412.6621270340489,384.46845504510975
Virginia,2023,8732034.0,453.50258599542786,47.75,51.083333333333336,63.083333333333336,77.08333333333333,36.75,82.16666666666667,77.16666666666667,73.33333333333333,428.9834869648489,359.1918110534595
Washington,2014,7057531.0,249.3789967057885,76.33333333333333,22.583333333333332,67.16666666666667,12.25,25.833333333333332,30.583333333333332,65.75,46.333333333333336,,442.9700468450083
Washington,2015,7167287.0,220.4460348804227,73.0,26.916666666666668,77.25,18.0,30.5,22.25,64.25,55.166666666666664,,306.3967315664539
Washington,2016,7299961.0,186.98730034311143,66.0,29.666666666666668,68.08333333333333,20.0,36.333333333333336,41.25,61.583333333333336,55.5,249.3789967057885,299.85999897475256
Washington,2017,7427951.0,177.7071496567492,70.66666666666667,34.416666666666664,57.75,16.083333333333332,35.583333333333336,47.833333333333336,69.16666666666667,58.75,220.4460348804227,252.85401333065903
Washington,2018,7526793.0,188.65936661204844,69.33333333333333,55.666666666666664,51.0,29.416666666666668,44.333333333333336,53.583333333333336,67.58333333333333,65.16666666666667,186.98730034311143,215.80336479641903
Washington,2019,7614024.0,189.78138235445545,69.75,58.916666666666664,59.0,28.25,50.666666666666664,60.5,71.66666666666667,69.25,177.7071496567492,228.2756843609405
Washington,2020,7693612.0,174.82035746018903,70.83333333333333,45.333333333333336,52.25,35.916666666666664,47.083333333333336,59.833333333333336,84.08333333333333,70.08333333333333,188.65936661204844,215.83846364758463
Washington,2021,7744316.0,184.65155605737164,53.0,51.666666666666664,53.833333333333336,46.083333333333336,35.833333333333336,62.916666666666664,69.75,65.0,189.78138235445545,226.33464945360225
Washington,2022,7786828.0,182.35923536515767,55.5,47.25,60.916666666666664,53.5,33.75,72.0,75.0,67.0,174.82035746018903,220.9326129676632
Washington,2023,7838655.0,189.44576588713244,53.166666666666664,53.0,59.083333333333336,68.83333333333333,43.0,67.16666666666667,77.66666666666667,74.08333333333333,184.65155605737164,214.32117653376244
West Virginia,2014,1850569.0,653.8529500926471,8.333333333333334,0.0,44.833333333333336,0.0,5.416666666666667,0.0,8.0,3.8333333333333335,,442.9700468450083
West Virginia,2015,1843332.0,594.0329794090267,6.916666666666667,8.333333333333334,57.416666666666664,0.0,9.333333333333334,8.333333333333334,0.0,12.5,,530.8164854087922
West Virginia,2016,1832435.0,573.0080466701411,15.583333333333334,4.583333333333333,45.583333333333336,0.0,11.833333333333334,0.0,8.333333333333334,30.916666666666668,653.8529500926471,524.6419412733361
West Virginia,2017,1818683.0,602.0840355356046,22.5,16.833333333333332,43.0,0.0,10.916666666666666,0.0,7.833333333333333,22.416666666666668,594.0329794090267,483.79928630396915
West Virginia,2018,1805953.0,562.0301303522295,10.583333333333334,40.75,37.416666666666664,0.0,23.583333333333332,0.0,14.75,35.416666666666664,573.0080466701411,487.9740238780545
West Virginia,2019,1795263.0,509.6746270602135,19.75,38.0,19.25,0.0,28.833333333333332,0.0,8.833333333333334,48.916666666666664,602.0840355356046,474.4981694729657
West Virginia,2020,1784787.0,490.2545793979898,11.666666666666666,34.25,19.083333333333332,0.0,21.416666666666668,5.166666666666667,18.833333333333332,39.416666666666664,562.0301303522295,456.24198217104265
West Virginia,2021,1785921.0,506.7413396225253,17.666666666666668,38.416666666666664,29.583333333333332,0.0,19.333333333333332,0.0,22.5,49.583333333333336,509.6746270602135,410.6532788558099
West Virginia,2022,1774003.0,476.3238844579181,8.583333333333334,28.5,40.666666666666664,0.0,11.833333333333334,0.0,27.083333333333332,49.583333333333336,490.2545793979898,413.3716635959583
West Virginia,2023,1770036.0,485.86582419792586,0.0,49.333333333333336,34.416666666666664,0.0,27.75,0.0,27.916666666666668,50.916666666666664,506.7413396225253,381.81843247586045
Wisconsin,2014,5753199.0,416.2901370176835,64.66666666666667,26.416666666666668,70.5,0.0,30.583333333333332,11.5,62.083333333333336,53.166666666666664,,442.9700468450083
Wisconsin,2015,5762927.0,430.3368756883438,61.333333333333336,29.75,78.58333333333333,7.75,30.083333333333332,14.0,66.83333333333333,55.75,,427.3081789181433
Wisconsin,2016,5775170.0,393.06202241665613,49.833333333333336,35.916666666666664,67.83333333333333,9.5,33.0,22.083333333333332,71.41666666666667,65.08333333333333,416.2901370176835,415.1589132467376
Wisconsin,2017,5793147.0,367.6758072943773,50.25,38.333333333333336,50.166666666666664,10.75,28.166666666666668,17.333333333333332,64.58333333333333,62.5,430.3368756883438,372.7076647166062
Wisconsin,2018,5809319.0,352.0206068904118,48.416666666666664,63.75,46.25,28.416666666666668,36.083333333333336,11.583333333333334,64.33333333333333,62.333333333333336,393.06202241665613,506.59241870179096
Wisconsin,2019,5824581.0,357.9656631095009,48.416666666666664,62.833333333333336,40.833333333333336,26.166666666666668,44.083333333333336,15.75,64.91666666666667,65.58333333333333,367.6758072943773,508.1838823297186
Wisconsin,2020,5832655.0,314.608012988939,48.0,57.333333333333336,37.0,20.166666666666668,44.333333333333336,13.833333333333334,64.58333333333333,76.08333333333333,352.0206068904118,494.7882002095673
Wisconsin,2021,5882128.0,324.7124170028262,38.666666666666664,58.166666666666664,38.166666666666664,33.333333333333336,34.583333333333336,30.5,49.75,67.58333333333333,357.9656631095009,453.6241519900092
Wisconsin,2022,5903472.0,294.74180617778825,43.083333333333336,53.083333333333336,42.833333333333336,49.25,31.833333333333332,35.333333333333336,62.333333333333336,62.916666666666664,314.608012988939,442.1395271278799
Wisconsin,2023,5930350.0,313.64084750478474,35.0,71.0,43.333333333333336,71.66666666666667,39.166666666666664,46.916666666666664,61.083333333333336,69.41666666666667,324.7124170028262,408.85247478031806
Wyoming,2014,583159.0,291.51569297567215,0.0,0.0,16.083333333333332,0.0,0.0,8.333333333333334,0.0,0.0,,442.9700468450083
Wyoming,2015,586389.0,264.32965147709115,0.0,0.0,0.0,0.0,6.833333333333333,0.0,0.0,0.0,,429.9681317882735
Wyoming,2016,585243.0,299.02109038467785,0.0,0.0,0.0,0.0,5.916666666666667,0.0,0.0,0.0,291.51569297567215,412.67893103038784
Wyoming,2017,579994.0,241.3818073980076,8.333333333333334,0.0,5.583333333333333,8.333333333333334,18.5,0.0,0.0,0.0,264.32965147709115,377.3441323945647
Wyoming,2018,579054.0,207.2345584349646,0.0,16.0,0.0,0.0,9.583333333333334,3.25,0.0,6.166666666666667,299.02109038467785,382.9772219724068
Wyoming,2019,580116.0,215.4741465500003,0.0,7.833333333333333,0.0,0.0,14.083333333333334,0.0,0.0,8.333333333333334,241.3818073980076,401.48411144113834
Wyoming,2020,582328.0,240.41433693725872,0.0,8.166666666666666,5.25,0.0,17.083333333333332,0.0,0.0,19.166666666666668,207.2345584349646,432.0005372532907
Wyoming,2021,579662.0,198.391476412116,0.0,6.833333333333333,0.0,0.0,9.416666666666666,0.0,0.0,0.0,215.4741465500003,405.18420854068523
Wyoming,2022,581742.0,197.6821340044212,0.0,0.0,8.333333333333334,9.75,4.333333333333333,0.0,0.0,0.0,240.41433693725872,430.2681464375134
Wyoming,2023,584666.0,205.24538796509455,4.333333333333333,6.083333333333333,4.833333333333333,0.0,3.8333333333333335,2.6666666666666665,0.0,5.166666666666667,198.391476412116,404.56303841350086
