State,Year,admission_rate_per_100k,admission_rate_lag2,neighbor_admission_rate_lag1,search_PC1,search_PC2,search_PC3,log_state_population
Alaska,2017,303.6506910414949,297.92939073439595,394.8210262854579,-4.362284194775947,-0.8681987536661986,-0.37729888085172925,13.515732962044742
Alaska,2018,319.02300223723364,289.53304380028953,407.01229080593055,-4.24358400237893,-0.6232935961871003,-0.45983504661689323,13.509832864596445
Alaska,2019,333.9680999123504,303.6506910414949,408.6863708548655,-3.918115706997616,-0.19469758904652537,-1.1928400575697626,13.505723289338059
Alaska,2020,348.76182712902,319.02300223723364,410.77284130055324,-3.7970985605269516,-0.04990112695491984,-1.278749077957526,13.502384857647401
Arizona,2016,205.91043587207463,223.53013342149777,340.20570289804556,0.9787944906416548,-0.04995143902587581,1.8454165430605851,15.753498984291735
Arizona,2017,196.5071945753231,209.28432079920267,326.4687823758097,1.0840785209289099,-0.8896444606482724,0.5670826556041376,15.768266932331784
Arizona,2018,244.26916619627409,205.91043587207463,320.53858529211817,1.9857092656640207,-0.2050224511726237,-0.1958276819584904,15.784610867451955
Arizona,2019,220.10896285068125,196.5071945753231,336.96497073849866,2.6524477533314688,-0.26317913387474484,-0.5790479424459379,15.802266884104585
Arizona,2020,218.28762520715424,244.26916619627409,338.416825777874,2.6026412540004236,-0.8820126973989484,-1.0581729118689527,15.819878411336612
Arkansas,2016,491.3405407754156,515.3668586773126,471.0828871611189,-1.5950902723070406,0.017884804801933645,0.9220625092934763,14.911390784614053
Arkansas,2017,489.37115806189047,538.6390453906594,454.8669643061209,-1.4157157089678978,0.6339297690748358,0.7763250499729311,14.915407021726477
Arkansas,2018,531.180106242661,491.3405407754156,434.42530117676023,-0.7577067962978197,1.7825079477958787,-0.14326567896984446,14.918168319328615
Arkansas,2019,590.8668861315101,489.37115806189047,423.4516309703626,-0.24450405210990223,1.7782956189271575,-0.7666687154490464,14.921093495113185
Arkansas,2020,584.0577959836622,531.180106242661,432.5890154604101,-0.5482347059342493,1.9527887101849724,-0.4999359591597541,14.924245439875257
California,2016,290.55521103299566,323.68660854336724,264.4206232790121,2.1414316968501237,-1.7117820598605353,1.559210138644974,17.482890188358624
California,2017,294.88188010585753,312.5618826260216,247.11391992867485,1.5579158109474867,-1.576540883489498,1.0151110546224982,17.48769606532379
California,2018,307.95591491268084,290.55521103299566,218.18791878563368,2.538256425425802,-0.7901697004625196,0.28761045581621586,17.490226760071923
California,2019,300.09425013331185,294.88188010585753,253.75154923931996,3.0191882129782908,-0.6416979226607186,-0.02821546662095195,17.49023048748527
California,2020,270.7777606008604,307.95591491268084,249.38908591043807,2.94443636303941,-1.2905008005033842,-0.46795983231255683,17.4884658428306
Colorado,2016,236.29813537321755,268.09215719280047,343.73464216247976,1.7661131342957217,0.7079602121717463,1.124169148661444,15.528198680927842
Colorado,2017,242.10398330479413,259.42700915676505,331.274237123452,1.2887699280946732,-0.1683277822869355,-0.18978425886688155,15.541383219747361
Colorado,2018,253.63536712622357,236.29813537321755,331.268360059858,2.226529418740526,0.45557322893971935,-0.7505673444294271,15.55547748539451
Colorado,2019,249.19744530072663,242.10398330479413,321.3932491683057,2.887611242796414,-0.19634956457130112,-1.3894481944167727,15.566185150899466
Colorado,2020,246.2240339107316,253.63536712622357,334.46043349811504,3.060444816436477,-0.7852855966615861,-1.8149792179058142,15.574698452773644
Delaware,2018,170.6334638076082,168.4230027926639,497.319554552387,-3.6155809055899066,-0.21797650919657421,-0.7705055055963667,13.78193826242267
Delaware,2019,189.4195366286189,172.2442486079533,505.00891003409623,-3.752387878843096,-0.226678021355067,-0.8576531093340113,13.791902057511923
Delaware,2020,192.5397924015691,170.6334638076082,457.10291723801794,-3.9914235460819834,-0.751990360545656,-0.29178142064534734,13.802231783984885
Florida,2016,485.28069949455664,520.0494815119262,241.57072822674417,2.005086181999763,-1.2966088320954487,1.2754796449816523,16.842122944909654
Florida,2017,498.4008982371196,552.447632341501,218.75274653531545,1.1825955165822335,-1.4118275867682493,0.626890381968601,16.858941400113977
Florida,2018,498.2374438753633,485.28069949455664,224.15216005404997,2.0116152315966493,-0.5982585418196872,-0.2856709861777291,16.87209923823521
Florida,2019,501.3480329662272,498.4008982371196,226.24888194551983,2.643886182498976,-0.44177892300657523,-0.7147282383860009,16.88319393644815
Florida,2020,471.6262298171581,498.2374438753633,216.87953165312072,2.5418010986140445,-0.9858111807723804,-1.0196280373894244,16.894356756633197
Georgia,2016,218.75274653531545,242.77137073184105,417.30842849753674,1.5817139965527607,-1.0302295699036028,1.3952354373048645,16.148473729152137
Georgia,2017,224.15216005404997,241.57072822674417,379.9816058616981,0.6624216256561782,-1.144186216808335,0.5701038182521607,16.15895262086693
Georgia,2018,226.24888194551983,218.75274653531545,376.247495108281,1.572489202774865,-0.451768281422779,-0.25293924490359193,16.16873068373923
Georgia,2019,216.87953165312072,224.15216005404997,368.91803901962845,2.5570729616962478,-0.7507584640706294,-0.7888786439135613,16.179004467681676
Georgia,2020,200.74664680737664,226.24888194551983,353.99293047124496,2.1071702306202478,-1.0742633301998936,-1.0649153038770538,16.186690029724257
Hawaii,2016,286.93701732469725,321.4786605291327,432.9234155184374,-3.5136389545755824,-0.8381894380783551,-0.18590351238739555,14.172404977816406
Hawaii,2017,263.0170652485722,323.2609439641208,394.8210262854579,-4.0037095264563325,-0.6292167621466738,-0.2659734395247311,14.170217666985282
Hawaii,2018,291.616482866302,286.93701732469725,407.01229080593055,-2.412850351136177,1.1081883189869037,-0.9479974834636328,14.168349554053378
Hawaii,2019,300.2228713315414,263.0170652485722,408.6863708548655,-2.7175337942099205,0.3338392529529874,-0.4768278544444801,14.163074623610926
Hawaii,2020,277.1843190434156,291.616482866302,410.77284130055324,-2.749613716890098,0.7843812186271877,-1.0323399683252408,14.156974600479758
Illinois,2016,598.204186353005,646.0955032373847,441.31882274078134,1.6232735655758084,-0.7691187050110375,1.188475178117589,16.366650307904457
Illinois,2017,615.4198630614513,635.3237682242468,400.4889591906786,1.2035935112332348,-0.6401395406584717,0.7125860757690841,16.36338363442165
Illinois,2018,612.1959011166092,598.204186353005,493.89760224910015,2.0450612333085965,-0.32955501772428486,-0.3239980986221014,16.359054365674034
Illinois,2019,577.089302082724,615.4198630614513,486.7296348939051,2.5830328423004105,-0.020989945559061925,-0.7363621511360333,16.354512086534815
Illinois,2020,514.3979795877349,612.1959011166092,479.6033337928052,2.585281672370488,-0.7347427315135421,-1.0096893666565383,16.348217199322896
Indiana,2016,367.586244922715,465.4322554255832,512.0019006578476,0.3381506835107701,1.1447515692180494,1.3311066657486925,15.70830590506988
Indiana,2017,418.0383628627026,430.3145970273959,472.73363416043503,0.3036882289074082,0.4875908595670336,0.863980868057815,15.711940504828672
Indiana,2018,436.6661635675312,367.586244922715,485.7407971871863,1.0662569455446231,1.1121615006498464,-0.21404767001419617,15.717391342239232
Indiana,2019,446.4411730186108,418.0383628627026,470.6657702705171,1.1290562716391148,1.8612692429493418,0.05203413874921027,15.722235764655096
Indiana,2020,413.770458506521,436.6661635675312,444.18321719724463,1.2606059898331863,0.495261255536797,-0.5039786753815773,15.7257865715432
Iowa,2016,110.11071712397192,143.05723929104047,568.606238735836,-0.7981479687494959,0.5624312398682787,0.945654370022078,14.957568596095303
Iowa,2017,607.5577641110857,144.11339995215434,525.9472751963045,-0.9158819492091813,0.4355376942979623,0.8953937113667327,14.960921823354015
Iowa,2018,606.3684561414648,110.11071712397192,535.9477315441095,-0.5182975304154323,1.505021888346184,-0.284416471767148,14.962881264266153
Iowa,2019,595.012780114926,607.5577641110857,539.9878475518403,0.3079855313788561,2.140814861120131,-0.4049511474485427,14.965954729288564
Iowa,2020,554.7545945850262,606.3684561414648,557.9735084163682,-0.12024980167439701,1.2204039132188524,-0.17630540756160573,14.967208849823507
Kansas,2016,374.1876437747363,415.25076494015394,455.8315623014439,-1.3363683856489055,0.38544932572111906,1.714132888812613,14.884686140270167
Kansas,2017,389.9148439722257,401.9628153475587,428.3239962461862,-0.5875136092468288,0.761174895788563,1.3185197338923236,14.883970121386817
Kansas,2018,372.500470346216,374.1876437747363,442.3720989701637,0.013987707298546091,1.0948799965902702,0.8501914421695159,14.884607523445611
Kansas,2019,415.43138772966745,389.9148439722257,430.3828553455659,1.3807761692067875,2.1880816111430885,0.42931709008417107,14.884568727713207
Kansas,2020,403.2527914531,372.500470346216,444.93781128745735,0.6711963399336942,1.6732083983436934,0.21172308558737235,14.88497034517283
Kentucky,2016,481.948766594014,503.7364794864922,550.557724378663,-0.016016076594961858,0.8889047078249036,1.4487770025997728,15.306233850952527
Kentucky,2017,501.617069793226,521.5475920079944,518.5612273983826,-0.102419503531036,0.9411683991975182,1.0761694717918275,15.309670045584014
Kentucky,2018,449.1212790974029,481.948766594014,531.0972818134353,0.528345507459205,1.6897706802804453,0.49350197351186287,15.311616937087315
Kentucky,2019,408.06333142903776,501.617069793226,526.9224451586049,1.2122557873058777,0.7133963851304589,-0.102426582687838,15.313423437531938
Kentucky,2020,380.81403075235227,449.1212790974029,506.9308510696481,0.3619561031405746,1.1997778383849071,0.30610709996953983,15.31451979998035
Louisiana,2016,595.9824375297189,474.6081415636627,415.10206685386856,-1.2789738580740115,-0.07062150628289839,2.176373054941195,15.359096233380518
Louisiana,2017,460.0236259575713,560.3173603245598,388.4685566097061,-0.6634271657837767,0.282420690790235,1.4910093599005947,15.357455830144433
Louisiana,2018,454.5016025469241,595.9824375297189,399.4071891900235,0.09502095278256165,1.398038063585571,0.49745649383083906,15.355480486063186
Louisiana,2019,549.5584748464295,460.0236259575713,412.8851252680904,0.48236458096572715,1.7701474451981445,0.30839294418033353,15.354157912612658
Louisiana,2020,430.5410307755034,454.5016025469241,433.51911330186135,0.6581409615233712,1.505841187043731,-0.091825024396592,15.35137038859719
Maine,2016,337.74959695214767,484.5190528666626,432.9234155184374,-3.2950069283464947,-0.6291205731331607,0.8172113937541651,14.102453357220952
Maine,2017,348.1208585783343,406.2905820338305,394.8210262854579,-3.5476800146020184,-0.4795679714983125,0.023435982015368815,14.104998249304696
Maine,2018,328.3280713785227,337.74959695214767,407.01229080593055,-0.7464063367261806,1.283649912387974,-1.8691939711148902,14.10827195875933
Maine,2019,356.6731313671727,348.1208585783343,408.6863708548655,-1.107389102969775,0.6320392944447694,-1.3473739428249807,14.112476897914108
Maine,2020,337.0018390671789,328.3280713785227,410.77284130055324,-0.959421563761727,-0.7143472863739994,-1.6477789240754288,14.115719589405115
Maryland,2016,514.3986679571581,604.8592766789081,520.0317576965862,1.14962060354332,-0.18314228176150765,1.8670552922185872,15.608438344443867
Maryland,2017,498.491586026045,568.5871386090205,408.3961247894169,0.8332870977999118,-0.8387386744613334,0.6695056106295405,15.611956694257795
Maryland,2018,489.0640803038255,514.3986679571581,418.83277476845853,1.517865942794823,-0.349948923236872,-0.14030912073399845,15.614270963348954
Maryland,2019,461.605488662672,498.491586026045,407.1207022465194,2.3041256135731483,-0.06879259343655209,-0.24910240002404443,15.616387337913222
Maryland,2020,402.9193821066144,489.0640803038255,401.87339750552303,2.324121234039041,-0.7454680917106423,-0.8270107349134708,15.61652737871685
Massachusetts,2016,481.1579428410728,627.5070718347035,612.4168837624086,1.3484388708628372,0.04034786560431172,1.0640386207238304,15.736436909181764
Massachusetts,2017,497.5552045877066,540.6412137196645,571.5734080783191,1.1278632832185358,-0.7994980879317374,0.5294173785822354,15.741736815531176
Massachusetts,2018,500.3107881238273,481.1579428410728,596.1127341803939,2.190838264420191,0.1037865286947644,-0.4379296628659861,15.74496025984069
Massachusetts,2019,496.0200194840145,497.5552045877066,606.8780427746751,2.6120309417875887,-0.09928102659596466,-0.741843928933687,15.746290100247583
Massachusetts,2020,472.1788726718535,500.3107881238273,613.1100774075635,2.6434767803758104,-0.6286178747603299,-1.0167127043370572,15.74610023128633
Michigan,2016,280.2860364209101,337.7958973756934,515.7469807522301,1.0432964006153742,0.16135745720880787,1.674033863561917,16.113496792400273
Michigan,2017,287.16760725334257,324.12356033021547,472.3370002415468,0.9175032705318331,-0.47196425556471916,1.007138549819467,16.115768144415206
Michigan,2018,282.85962773069684,280.2860364209101,484.97317046481413,1.988421471151769,0.7020168789336824,-0.18710637588736165,16.116823442043632
Michigan,2019,288.4385708469728,287.16760725334257,484.84223617797795,2.2735834270200663,0.5936541828293583,-0.38760293574471727,16.1165739938251
Michigan,2020,276.9261796076979,282.85962773069684,471.1594506602699,2.2748466574998853,-0.2002900579595443,-0.7676230785687144,16.11474554561666
Minnesota,2016,502.2297189685378,582.2840757684545,417.45376872913255,1.7234332220438544,-0.7089238962931345,1.3334093383002332,15.524858961616417
Minnesota,2017,516.2244403812842,557.0749244803338,353.3742273354137,1.4388595140764269,-1.5775658994498616,0.2213369051734764,15.53277687830347
Minnesota,2018,531.3115443301035,502.2297189685378,490.9491927073549,2.4874113081352722,-1.0320842814176534,-0.5356716568650948,15.539840575784194
Minnesota,2019,518.6121477936466,516.2244403812842,482.42646626778986,2.975727393595585,-0.7296871025372241,-1.0122883571511836,15.545404020593208
Minnesota,2020,468.41785417957766,531.3115443301035,515.5377513397601,2.7982252438448367,-1.1231050746285882,-1.1350922859561985,15.548464728570021
Mississippi,2016,486.52525667969087,541.4633950690734,502.2730913437699,-3.4852327838350896,-0.8495543275556618,0.5796659330772698,14.910982922225179
Mississippi,2017,526.6371393204341,478.2239231684776,493.7440994249395,-3.179275208992837,-0.3532640639936193,0.4301830952087111,14.911009338024236
Mississippi,2018,526.3371393878195,486.52525667969087,436.10208093215675,-1.8152665022161851,1.2607524356038806,-0.591852346369568,14.908399499482758
Mississippi,2019,532.1958332927611,526.6371393204341,443.38982071310147,-0.8607078105667978,1.7858723403777355,-0.7537878680990496,14.906838714975866
Mississippi,2020,453.3525505378548,526.3371393878195,475.79365324108034,-1.2085358761157947,1.838158667065707,-1.0127654373649795,14.902989769944368
Missouri,2016,769.9399676658046,820.2497718319296,426.98397723114135,0.25856695588622375,0.16373953344370065,2.5178416318512102,15.622385871666609
Missouri,2017,781.329002179867,797.4769114385841,394.59488206706874,0.2891304123576588,0.1555096681468416,1.1854995455042086,15.625663492150828
Missouri,2018,793.3416759359229,769.9399676658046,463.6059460216102,1.5502288344168649,0.25871249052267214,0.17177603958308216,15.628050281031078
Missouri,2019,781.698484237783,781.329002179867,448.80104307677374,1.884491357055286,0.7026860174039947,-0.1266668939006031,15.630412658694592
Missouri,2020,732.3359908757925,793.3416759359229,452.78432523056085,1.1857645704249935,0.5816602963827149,0.06034046428355339,15.632214315426802
Montana,2016,388.6245282530032,449.8086846322863,453.2314835843744,-4.802205766794129,-1.2826080539518272,-0.18004309236372773,13.856783970580047
Montana,2017,351.0896113532891,412.023325367549,403.11508672856826,-3.803852568261787,-0.17393731186195316,-0.9124441060751561,13.86797206972012
Montana,2018,404.9658227681203,388.6245282530032,409.98166894065474,-3.1181780745376524,0.3379586780990618,-0.5489196910874053,13.875493091333093
Montana,2019,378.4611675480295,351.0896113532891,392.85045349141586,-2.7076255265861744,1.0023862971782374,-2.132175135177702,13.883284153102496
Montana,2020,356.2911296464759,404.9658227681203,441.5489028948712,-3.025403107540491,0.46502266204097265,-0.692139338114193,13.893005715693995
Nebraska,2016,411.75295032790746,433.52101513068135,407.7475731769611,-2.5647322193874587,-0.21810976095014054,1.4058583807837421,14.460770741376638
Nebraska,2017,448.6180997580592,412.24930089389386,378.3420599613874,-2.1337498779021136,0.1455681470763404,0.827408005003381,14.46627097873042
Nebraska,2018,433.65089389211806,411.75295032790746,458.11776292593305,-0.9983168743442019,1.5044851264686692,-0.2887565942797494,14.470702464365175
Nebraska,2019,481.22423445244704,448.6180997580592,458.4144985217781,-0.2922653015516494,1.7500511323536394,0.16597513295760613,14.474361798742944
Nebraska,2020,405.1504166081736,433.65089389211806,481.3442437925353,-0.7595217922554112,1.3683680157707379,-0.48386108125983,14.476935878559164
Nevada,2016,282.57731058329097,223.488657950609,305.55639261102374,-0.5772961977405866,0.7640206404248118,1.3975278540148568,14.886941765370548
Nevada,2017,242.25319698515892,284.11755006308107,279.7174757021271,-0.9951171124843068,0.4290146916831844,0.8696968391301003,14.90477832224142
Nevada,2018,288.7097971607454,282.57731058329097,273.4619195834684,0.40804829814793425,1.8344665548258643,0.03960561993565955,14.924312422791504
Nevada,2019,312.2198312330483,242.25319698515892,294.5656939358121,0.29751692514395495,2.131223075322382,-0.29818260006960656,14.943931132313454
Nevada,2020,358.47901655025925,288.7097971607454,288.97757419368,0.062144224661211105,1.617620129705617,-0.07258080072089279,14.959178745516699
New Jersey,2016,502.6154032012319,532.858057778053,640.7831676705953,0.8260483534374662,-0.3515259115279639,1.6111745635242094,15.998589331300636
New Jersey,2017,495.6038643375273,533.8030950884253,454.8436459336372,0.6064982953005232,-0.26830837337639857,1.1060356497489192,16.00022914931875
New Jersey,2018,531.3926536230857,502.6154032012319,460.1781647950175,1.621381000086573,0.01360672682424644,-0.21568629257390823,16.000632189232746
New Jersey,2019,444.8189446307823,495.6038643375273,463.41017480650765,1.3026476023849631,0.446551807556032,-0.3025205077093933,16.000579104790457
New Jersey,2020,376.5886383264108,531.3926536230857,456.757645085092,1.4588493551576391,-0.5195268574680183,-0.658901589679641,15.999579083833499
New Mexico,2016,363.1923653141733,308.57759602265,290.3693915438174,-3.0400779147886134,-0.23557354183442242,0.4747767673082635,14.553896365349205
New Mexico,2017,358.3640252211823,363.6240108589613,258.92072356197974,-2.223245453221255,0.10474726149925213,0.7845614226642016,14.554034464488838
New Mexico,2018,353.4321606072156,363.1923653141733,260.9833995124142,-0.7573481554304434,1.0945396137878936,-0.47049355231898904,14.55446918500145
New Mexico,2019,321.48460160199346,358.3640252211823,263.54163163952796,-0.08222428589583508,1.512430774579273,-0.1645788724767728,14.557273601789845
New Mexico,2020,318.0904696771952,353.4321606072156,266.8601459869472,-0.5596559369173087,1.6124085267219497,-0.625222620204558,14.560452432190141
New York,2016,700.7397642469026,738.2934816826639,478.5608047113253,2.0536812925942876,-1.0976680000022048,0.9156751513386842,16.792895086367615
New York,2017,710.4270324835105,737.3843058268214,431.84833586415164,1.4432124542714646,-0.9583529488818725,0.4619627594738528,16.790726248416284
New York,2018,725.0270644365373,700.7397642469026,438.74163429804304,2.4505937978234207,-0.3359412116617313,-0.2748295840743095,16.78818390623379
New York,2019,715.9690802060574,710.4270324835105,459.5930777113081,3.23612230954064,-0.2579212574338736,-0.7124055589124488,16.78403251592189
New York,2020,620.5791492852791,725.0270644365373,425.5439469097967,2.47171356745756,-0.87026559535915,-0.9685461405943576,16.777519332955706
North Carolina,2016,381.8220429801722,443.2795846354566,339.8259259647249,1.2035394388805718,-0.3704171587456666,1.6215610409761048,16.13414634659252
North Carolina,2017,375.1548060980027,420.9333701828535,317.09042661022403,0.6555356937388614,-0.8794933590478909,0.5933289204425369,16.145298086915144
North Carolina,2018,357.9897834335031,381.8220429801722,314.68150944718485,1.8076866342328786,-0.794206884208395,-0.523432039382464,16.15648505713322
North Carolina,2019,351.38225590074603,375.1548060980027,311.7357573415075,1.9012619971661902,-0.3650047654992047,-0.6273610831493818,16.16701761596545
North Carolina,2020,295.7317559212148,357.9897834335031,305.90901814594685,1.67681962405108,-0.9108716743779179,-0.7544706644094225,16.176442197577785
North Dakota,2016,429.8293643551104,473.7822442658812,516.0913005124987,-3.939939670425094,-0.8281269783591413,-0.5842855474472541,13.535947437444245
North Dakota,2017,502.1440228343387,516.1891475864187,457.1163508891525,-4.819079847941145,-1.1780980436501265,-0.46273238541121847,13.536794834063988
North Dakota,2018,453.9103388934061,429.8293643551104,451.24440944139707,-4.086804468262782,-0.504860753747272,-0.6689025559217576,13.541155287882502
North Dakota,2019,477.9213433125056,502.1440228343387,484.56127674803355,-4.062016663732062,-0.31091724637738777,-0.6358069816080003,13.54596174633529
North Dakota,2020,509.59808391120447,453.9103388934061,509.44151138792796,-4.236961793321421,-0.849126162986656,0.01938294770812346,13.548034952822944
Ohio,2016,530.4955472738112,570.797254279967,482.8401516578003,1.7063045995454897,0.012401086264777565,1.493294816180405,16.269963154893457
Ohio,2017,538.7586486407251,567.0126820689338,439.6394530738251,1.3756735251546492,-0.5813167155674923,0.36098838674962863,16.272163984538075
Ohio,2018,538.4862731373597,530.4955472738112,461.3540577476929,2.0994518313058608,0.22281279571867724,-0.46095591041307954,16.27346490231134
Ohio,2019,503.141664430244,538.7586486407251,445.0494393846476,2.844792279183868,0.011510801045547846,-1.0296143483695344,16.274800808185407
Ohio,2020,452.826625897732,538.4862731373597,423.5004041550869,2.5515134254261573,-0.5176583040813834,-1.182083328277986,16.274519488061948
Oklahoma,2016,295.3049316178153,358.32250417419937,431.5955040324995,-1.1477638798803107,0.2525690737188225,1.4796995105600612,15.183677353089152
Oklahoma,2017,297.4373106379344,354.1730277165327,403.74975421289327,-0.5960198140194288,0.6833969940276163,1.3300906307626235,15.185066103519842
Oklahoma,2018,240.9034844279988,295.3049316178153,407.21604715461757,0.5374699214682149,1.7623738227891819,0.3375044319572004,15.18757616883343
Oklahoma,2019,267.63108115887286,297.4373106379344,414.2046517386716,0.7040951387467553,2.005025237147177,0.2524838218902332,15.191925275732576
Oklahoma,2020,234.87841462345477,240.9034844279988,422.6955709138322,0.12908774877689105,1.59476354625158,0.16872014069479285,15.196989091579432
Oregon,2016,252.85401333065903,306.3967315664539,272.37515585650846,0.176771753411503,-0.6461809041011686,0.8935335895316722,15.224854963886184
Oregon,2017,215.80336479641903,299.85999897475256,253.373273986466,0.7279862115820063,-1.2359838681508493,0.34762856302127604,15.237966631338232
Oregon,2018,228.2756843609405,252.85401333065903,238.2807422492552,2.0078299532837454,-0.5420355974113572,-0.4178770965018207,15.246667857979991
Oregon,2019,215.83846364758463,215.80336479641903,261.7750262284915,2.867209266541613,-0.23334306765437188,-0.6203433248040239,15.254424883056325
Oregon,2020,226.33464945360225,228.2756843609405,267.3651545736052,3.142866170586687,-0.27327908924231975,-1.3156141923727367,15.260429188588107
Pennsylvania,2016,495.36817076134525,564.0071067240591,600.1640402004456,2.070245189105427,-1.2329816891029897,0.5407252160427288,16.36405438530173
Pennsylvania,2017,497.8632132935887,544.1820295143691,498.2800720236514,1.8236042942951667,-1.1870998452685717,0.2444444043275195,16.36453993933635
Pennsylvania,2018,494.5699961753774,495.36817076134525,502.9349026052277,2.498043757446545,-0.739296717310552,-0.6585219151047434,16.365666960279828
Pennsylvania,2019,464.8843184205997,497.8632132935887,502.77227761010766,2.8413176650610557,-0.3979882839313133,-1.031167572277643,16.36486845945698
Pennsylvania,2020,404.044228488302,494.5699961753774,470.7715569364313,2.6589779503603994,-1.0630435348903766,-1.2229909051308239,16.36364659109278
Rhode Island,2016,765.7286333350979,799.802368361522,540.6412137196645,-3.6071371847735234,-0.7595229884468239,0.6982225882552825,13.871716963232277
Rhode Island,2017,813.9669150843214,804.2494649375618,481.1579428410728,-4.2220138191968495,-1.0473097640208051,0.03218341073774972,13.870523226894868
Rhode Island,2018,783.5081909645459,765.7286333350979,497.5552045877066,-3.4382467864710633,-0.039598369062968264,-0.6919032785934001,13.87315474268733
Rhode Island,2019,826.9086469128429,813.9669150843214,500.3107881238273,-3.018160602955995,0.17950746679529506,-0.24550117736937888,13.872040218624807
Rhode Island,2020,780.4185881518268,783.5081909645459,496.0200194840145,-3.4931946248064536,-0.6330990343133934,-0.5010999211572343,13.871063517084524
South Carolina,2016,258.9143610023794,307.6535501976648,331.2520492047988,-0.19801046279139,0.15330502259349962,2.17451678882822,15.417527200772113
South Carolina,2017,272.5228173209933,287.989843149702,300.28739475774387,-0.6210346359331512,0.17917115982220033,0.9841092318086192,15.430354232900534
South Carolina,2018,274.9571754199283,258.9143610023794,299.65348307602636,0.38597903299955616,1.47512764158168,0.35573465266743604,15.443122713773281
South Carolina,2019,276.2858342727052,272.5228173209933,292.11933268951145,0.44857859134031386,1.2384694568717793,-0.46433089405732136,15.45600168942329
South Carolina,2020,249.1356907957777,274.9571754199283,284.13089377693336,0.3900722725488729,0.9735714927291218,-0.03235710446960456,15.467632410421755
South Dakota,2016,480.4948054459165,600.2330316475808,384.32995829290684,-4.292912786269887,-1.0346432202144717,0.3199401136953507,13.668972660569562
South Dakota,2017,486.41917658961785,579.1756516896133,356.9280615688681,-4.608133780646983,-0.9378798569049744,-0.5682158403851943,13.680528971459587
South Dakota,2018,517.4064631458768,480.4948054459165,444.5026243060108,-3.9959926072309804,-0.4029053636992097,-0.755111007828425,13.686979215656706
South Dakota,2019,631.2512188221078,486.41917658961785,439.57360241002954,-3.743386376982704,-0.46455189228073235,0.10950830382442832,13.695743430298464
South Dakota,2020,532.0835158286445,517.4064631458768,444.4509699619259,-4.044517511058449,-0.574334323260362,-0.18957985036615005,13.702024900337761
Tennessee,2016,393.909319969684,375.1174438473634,488.6102620830966,0.9931716865013397,-0.080697849110204,1.4434710621486142,15.71031942427181
Tennessee,2017,358.9114587770085,407.8628683160904,461.0163714519899,1.1198894012405602,-1.2548305262909494,0.50559996683745,15.719816859312724
Tennessee,2018,344.48775334971924,393.909319969684,471.62870530630835,1.903099801870751,0.08357587904833803,0.07946713483274631,15.72921918730286
Tennessee,2019,286.9555987453013,358.9114587770085,469.3525835276702,2.1535994480413634,-0.0012624255942601643,-0.29906109720332547,15.73688281460229
Tennessee,2020,320.9021736257909,344.48775334971924,474.94306150823115,2.716635710908258,-1.103038061895636,-1.0537420330470604,15.745122030853159
Texas,2016,187.5398723740119,235.32167601549557,454.18836107267833,1.989244318968495,-1.5251041977803408,0.9637636546262397,17.144641205804422
Texas,2017,182.21327018774576,228.4432320024686,436.45506880928076,1.4531832561506888,-1.6466096321698895,0.309482895412926,17.15805513915855
Texas,2018,181.13813017379056,187.5398723740119,401.2990299696446,2.2742897518318226,-0.8485515108087341,-0.5334717441988568,17.16977578828163
Texas,2019,177.49462048131298,182.21327018774576,395.0043384561999,3.0323516866864866,-0.7559265741312893,-0.9619596804197611,17.18235090492376
Texas,2020,173.0200503331675,181.13813017379056,432.3852609347015,2.6651543625930865,-1.216671452489951,-1.0748672897728018,17.195169612875084
Utah,2016,369.5502425727792,398.1857703380188,276.15650847102023,-0.38944044189198174,0.8326254079221607,0.49388711093774573,14.928762166971683
Utah,2017,386.6552388562738,400.51936804411815,277.39986750548684,-0.8134567276354772,1.0846432252618672,0.537820547440044,14.948053953426864
Utah,2018,397.76201027335287,369.5502425727792,256.12204149689325,0.1343138874508011,1.827842466751315,0.30426629550255213,14.964547547234881
Utah,2019,419.8686201431424,386.6552388562738,269.4562099050846,0.9019929976323005,2.044577052360765,-0.44656446099851327,14.979717996840792
Utah,2020,486.1719467094005,397.76201027335287,263.69699750729,0.875466908633153,1.587719849249219,-0.27554445177914827,14.994128322843608
Vermont,2016,248.25182665295677,287.68101928581586,639.012759773243,-4.393047445772981,-1.3549374758444714,0.12383034301134634,13.344492013866653
Vermont,2017,263.94425497334964,295.6168805228424,590.9488535439878,-3.7084782172706507,-0.4108444817683736,-0.5258208836279328,13.345718106418959
Vermont,2018,312.098872922942,248.25182665295677,603.9911185356086,-4.155023427277667,-0.5974379452327487,-0.5745967581745811,13.345190078526818
Vermont,2019,296.45250510379043,263.94425497334964,612.6689262801823,-4.576980239799178,-1.3322122089492667,-0.6358757992204427,13.343979362583248
Vermont,2020,264.7000787683265,312.098872922942,605.9945498450359,-4.974822998212218,-1.4355366214491505,-0.059332809857758864,13.342858625055998
Virginia,2016,396.7852789335172,410.6823098745344,502.5927897049971,-0.17764954559221413,-0.51295545498456,1.0362565515287576,15.945841368674406
Virginia,2017,403.1396016366878,421.8802641663629,469.0173688342338,1.3530128359047382,-0.7956309619304854,0.6704211636962604,15.952160421960832
Virginia,2018,401.2492186508626,396.7852789335172,467.25179124597736,1.7419391094832006,-0.07887027698213801,0.4104886706041853,15.956860602814405
Virginia,2019,443.5151079126601,403.1396016366878,440.53860530733607,2.665427028179895,-0.05950112889139177,-0.08373493560953284,15.962218381432557
Virginia,2020,412.6621270340489,401.2492186508626,403.5362603595941,2.9024931507331906,-1.166781518101555,-0.713753056609787,15.966174833139824
Washington,2016,186.98730034311143,249.3789967057885,299.85999897475256,1.767776329290472,-0.6687866743075003,0.8619624640580077,15.803379563638595
Washington,2017,177.7071496567492,220.4460348804227,252.85401333065903,1.8983476447505068,-0.5472737783925886,0.5546421738703756,15.820760604771694
Washington,2018,188.65936661204844,186.98730034311143,215.80336479641903,2.9256855122385352,-0.1420682054003742,-0.7543789530349627,15.833979612642096
Washington,2019,189.78138235445545,177.7071496567492,228.2756843609405,3.5487979806596543,0.0892923732230519,-0.7210717816515378,15.845502368007871
Washington,2020,174.82035746018903,188.65936661204844,215.83846364758463,3.4451519670277175,-0.710396040058183,-0.7252943498514718,15.855900932117157
West Virginia,2016,573.0080466701411,653.8529500926471,524.6419412733361,-2.9739441748640707,-0.6427983834277047,1.281914485447305,14.42115624144536
West Virginia,2017,602.0840355356046,594.0329794090267,483.79928630396915,-2.8851986431894816,-0.45202723911280723,1.0282890850074404,14.413623170735413
West Virginia,2018,562.0301303522295,573.0080466701411,487.9740238780545,-1.985715798551326,0.8245011485761348,-0.06796640046375343,14.406598988257194
West Virginia,2019,509.6746270602135,602.0840355356046,474.4981694729657,-1.8281213727689185,1.1718013021893094,-0.6812063723458371,14.400662087277636
West Virginia,2020,490.2545793979898,562.0301303522295,456.24198217104265,-2.2546379968608967,0.5172629618590792,-0.5486478686650201,14.394809638344665
Wisconsin,2016,393.0620224166561,416.2901370176836,415.1589132467376,1.2700739384113997,0.27428377785151753,1.192399988873141,15.569078251168301
Wisconsin,2017,367.6758072943773,430.3368756883438,372.7076647166062,0.6755155780317701,0.25052566655102554,0.6386830475874986,15.572186225209943
Wisconsin,2018,352.0206068904118,393.0620224166561,506.59241870179096,1.6127052614745458,0.7377535552208108,-0.6436074845194735,15.574973910254307
Wisconsin,2019,357.9656631095009,367.6758072943773,508.1838823297186,1.8672352897491613,1.0389801023344654,-1.0316068456463336,15.577597623498384
Wisconsin,2020,314.608012988939,352.0206068904118,494.7882002095673,1.7324623916076336,1.3036869036403977,-0.8573841743784023,15.578982857749638
Wyoming,2016,299.02109038467785,291.5156929756721,412.67893103038784,-4.950309467646163,-1.2850904623394048,-0.4593516885126887,13.279782424581072
Wyoming,2017,241.3818073980076,264.32965147709115,377.3441323945647,-4.08243457442153,-1.1443665130946494,-0.7511543400169998,13.270773037641508
Wyoming,2018,207.2345584349646,299.02109038467785,382.9772219724068,-4.385666511835463,-0.698792245181536,-0.8795374771838813,13.269151016454998
Wyoming,2019,215.47414655000037,241.3818073980076,401.48411144113834,-4.374667694079017,-0.6615956852430434,-0.8165950159728034,13.270983362525268
Wyoming,2020,240.41433693725872,207.2345584349646,432.0005372532907,-3.9785690862041916,-0.40460625372375025,-0.6752693571057103,13.274789141848617
