STATEFIP,YEAR,mental_health_clients,anxiety_cases,depression_cases,substance_cases,trauma_stress_cases,bipolar_cases,schizophrenia_cases,serious_mental_illness
1,2013,97362,14529,30290,9575,10240,17876,17755,67233
1,2014,94474,14619,28849,9306,9798,17472,17859,65208
1,2015,101582,15725,30670,11405,11616,18553,18145,59001
1,2016,104320,13409,30571,3150,10583,12683,17756,55812
1,2017,103959,13683,29663,359,11257,12534,18041,63086
1,2018,102424,14132,29522,113,12039,12191,18187,52994
1,2019,103203,14907,43136,23,11235,10822,15520,75542
1,2020,97527,16621,31107,15,13116,12055,17853,76711
1,2021,94898,19354,31670,10,13866,12153,17927,78337
1,2022,93151,20179,30542,104,14930,11649,17300,78125
1,2023,92197,21638,29406,17,15097,11587,16655,82046
1,2024,93506,21896,28154,21,16716,11431,16773,79279
2,2019,11082,1579,2691,1197,3260,626,940,21489
2,2020,10337,1518,2611,1038,3327,527,649,20169
2,2021,9636,1542,2421,1143,3060,434,558,17698
2,2022,9438,1550,2245,1086,2950,414,505,17259
2,2023,10517,1833,2344,952,3252,446,677,18977
2,2024,13463,2204,2821,905,3691,744,1018,22521
4,2013,191093,41231,50638,746,43755,50225,21504,207904
4,2014,158173,36314,40475,695,38607,42700,20466,318593
4,2015,155122,38311,41237,904,38782,40969,20121,316150
4,2016,187972,47726,46702,2690,40498,35080,20473,401924
4,2017,196212,49424,45782,97,21789,29027,21379,440708
4,2018,224773,58444,52891,64,23942,31377,23947,557526
4,2020,384334,75600,71662,64082,69160,30137,27503,888076
4,2021,405709,112352,91110,47609,86056,34752,31928,921202
4,2022,425114,130715,97653,51100,95016,36903,33406,972611
4,2023,436829,151733,100343,58357,101461,38084,34077,870511
4,2024,520878,153574,81680,116164,97236,33681,32222,1126624
5,2013,69963,6900,17754,1,8887,13330,8688,148196
5,2014,67641,6911,17225,4,8580,13284,8684,142533
5,2015,69398,7718,18983,11,9648,13592,8629,148424
5,2016,74458,9606,22159,0,11608,8133,8941,148280
5,2017,74985,10586,22191,1,12408,7926,9508,140264
5,2018,74888,8839,20005,2,11472,6775,7887,144988
5,2019,76139,9157,19300,0,11742,6620,7234,160999
5,2020,77552,9586,19271,4177,12098,6851,8542,172133
5,2021,76483,9357,18791,4320,12674,6696,8654,175484
5,2022,72266,8850,17278,4051,12711,5940,8141,177968
5,2023,66396,8488,15874,3252,10878,5687,7700,164481
5,2024,62756,8013,14642,2858,9995,5314,7515,159205
6,2013,672620,67225,186160,104533,100625,108977,116697,1134069
6,2014,697180,75240,196760,113133,107712,113622,126406,1096510
6,2015,696145,82459,199707,112773,111786,112407,126501,1086595
6,2016,648140,81082,174052,92628,105277,99057,116303,1039026
6,2017,640435,89466,146732,64708,95874,51945,117495,866399
6,2018,711112,110037,184234,71213,110692,61076,138477,959776
6,2019,746172,115495,201516,69152,119862,62609,138778,1016068
6,2020,697580,109230,190709,71089,112970,56543,127209,946483
6,2021,678599,109729,171305,68731,110301,51262,117619,918069
6,2022,629485,107567,152549,64883,104333,46237,106947,842013
6,2023,643214,119585,166595,73481,112941,49271,118010,866832
6,2024,625575,115652,152932,68556,100005,44533,110624,842835
8,2013,103282,17235,29713,6253,27566,23741,12267,171532
8,2014,114721,19845,33290,6183,29465,25165,13298,193679
8,2015,130537,20970,35069,6931,24328,14241,9805,222595
8,2016,124011,18122,31558,9823,24778,12530,10762,216085
8,2017,147250,28833,45502,17057,41321,17555,13882,256173
8,2018,150547,29735,46696,17434,46284,17474,13763,260234
8,2019,137279,26925,41844,14496,42204,15834,12592,235545
8,2020,127969,26726,39417,13710,40981,14827,12552,219270
8,2021,142685,31384,43973,14893,45151,17108,14489,240159
8,2022,131515,31015,39352,12966,41953,15566,12940,227626
8,2023,127628,32278,37323,12423,40043,14284,12738,223668
8,2024,108509,27748,30413,10058,33073,11584,10906,190120
9,2013,89639,12750,22637,2,18501,15283,11909,126271
9,2014,91525,11695,24317,0,19625,16188,11868,122716
9,2015,90524,10097,20110,540,14315,13278,11398,118310
9,2016,94541,13150,20280,275,14832,11370,11431,90464
9,2017,97130,16621,22527,2731,20722,9716,11599,130409
9,2018,93947,17611,22972,2495,21258,9042,11205,151174
9,2019,94199,11015,15971,276,10148,8306,10778,155960
9,2020,86915,10152,14396,191,9684,7353,9827,150782
9,2021,87983,10240,14444,136,9645,7045,9592,151470
9,2022,93897,10934,15216,107,10323,7194,9736,161960
9,2023,93942,18273,21283,25,21585,7027,9990,181653
9,2024,88643,16694,18041,30,20030,6034,8334,175473
10,2013,9127,846,2045,1303,1450,2000,1683,11035
10,2014,10065,947,2246,1862,1797,2225,1923,12247
10,2015,9680,787,2071,2071,1737,2202,1930,11500
10,2016,7456,496,1429,2417,1069,1413,1296,-6996
10,2017,9578,666,1618,2540,1240,1451,1243,-17673
10,2018,9889,818,2291,3568,1206,1833,1821,-3978
10,2019,14032,1160,2974,3574,1409,1900,1943,12599
10,2020,12230,1354,3390,3730,1396,2007,2083,7640
10,2021,15479,1648,3707,3658,1829,2237,2256,245
10,2022,16197,1532,3326,3284,1766,2142,2040,1353
10,2023,17237,1539,3474,3161,1744,2110,2123,2124
10,2024,17260,1580,3448,3194,1799,2125,2159,1613
11,2014,25101,788,10109,738,2104,3879,4982,35074
11,2015,28531,875,11192,1204,2554,4419,5417,40514
11,2016,35028,838,10842,1060,2548,4427,5257,50972
11,2017,36668,1601,10914,511,3174,5664,6171,58726
11,2018,45560,1830,13662,737,3855,6749,7106,79469
11,2019,45189,1651,13379,1624,3763,6372,6622,88533
11,2020,51073,1529,13701,1366,3875,5838,6370,79755
11,2021,70002,1795,15663,1379,4466,6296,6645,-9945
11,2022,42065,2010,9891,628,3697,4914,4253,87315
11,2023,41602,2278,11220,765,3731,4935,3978,85725
11,2024,16151,2485,4316,266,2254,1580,1750,-83124
12,2013,260065,12926,69403,1241,26190,52258,41226,383858
12,2014,233512,9593,49239,817,18589,38727,29048,4947
12,2015,230652,11284,53391,789,21426,39893,30180,118770
12,2016,214257,12987,55141,1372,24092,32624,29187,252010
12,2017,213758,14637,55032,1011,34980,29117,32840,250697
12,2018,218368,15805,57158,1475,30825,29429,35267,254836
12,2019,204076,14333,52772,1291,28783,23366,26301,286294
12,2020,282228,21142,76899,670,44032,32578,35602,391387
12,2022,346085,33123,90911,699,55855,38886,41760,675408
12,2023,363731,37409,95366,480,59828,41978,44546,654953
12,2024,428660,50680,118604,906,72263,52453,57170,848032
13,2020,140661,31926,45552,32560,25592,25994,29424,120331
13,2021,130414,31508,41420,31844,24158,24623,28920,124451
13,2022,124391,30835,40124,29792,23568,23717,29127,87146
13,2023,118972,28955,36986,27244,22964,21632,28097,65512
13,2024,117717,28380,37384,24549,22564,20791,28991,57462
15,2013,12809,742,3172,716,2582,1877,3651,12477
15,2014,12594,568,3265,612,2853,1846,3685,12287
15,2015,10645,507,2428,350,2651,1415,2995,10591
15,2016,10117,604,2551,92,2305,1655,3291,9914
15,2017,9915,694,2453,156,2568,1576,3167,10095
15,2018,10006,639,2166,164,3042,1400,3160,9461
15,2019,9905,555,2131,47,2533,1162,2783,8979
15,2020,10014,498,1343,104,1127,786,2354,10513
15,2021,9496,591,2043,30,3200,1164,3231,9819
15,2022,9209,870,1687,0,3131,837,2622,10686
15,2023,9586,977,1726,1,3095,891,2846,11140
15,2024,9437,1035,1636,0,3084,887,2859,10995
16,2013,11880,731,2162,2230,966,2542,1670,-9256
16,2014,14107,384,1081,956,421,1486,1133,-41064
16,2015,14425,215,769,553,262,1176,795,-54437
16,2016,15320,1320,2280,10,587,1660,1909,-64331
16,2017,15424,1429,2541,19,848,1688,2041,-66176
16,2018,16718,1443,2603,1,855,1671,2067,-80002
16,2019,17465,1394,2570,2,867,1575,1999,-91787
16,2020,16364,1253,2393,3,801,1437,1989,-88805
16,2021,14039,903,1630,1,548,922,1650,-89535
16,2022,15178,993,1693,1,605,899,1747,-98968
16,2023,14782,930,1537,0,551,808,1753,-100669
16,2024,14473,796,1295,0,473,755,1597,-106208
17,2013,140482,22953,48608,60,22033,32196,21901,221635
17,2014,139699,25772,48329,64,22577,32900,21969,218461
17,2015,130002,26841,45240,26,21687,30722,18663,207343
17,2016,78703,2823,3067,2275,2412,2504,3405,87115
17,2017,71195,13959,22520,2576,12473,11999,11553,94842
17,2018,66656,13249,20908,2647,12354,10718,10735,94657
17,2019,45670,8755,13346,2310,8889,7437,9006,57126
17,2020,39500,8078,11329,2020,8298,6108,7684,51029
17,2021,29688,6328,8377,1675,5854,5054,6883,34261
17,2022,27315,6097,7937,1194,4843,4440,6698,28694
17,2023,27103,6442,7653,1774,4916,4237,6350,28110
17,2024,26635,6812,7492,1816,5018,4163,5988,24887
18,2013,126025,25789,42646,3,23322,19340,15085,175529
18,2014,129167,27856,44753,1,24462,19325,15366,180037
18,2015,134121,31278,47317,1,26100,19557,15474,187619
18,2016,135384,40948,46103,22,24729,15492,16347,189359
18,2017,137628,42245,48200,11,25851,15038,16120,192179
18,2018,137357,43580,48790,12,27137,14417,15536,193053
18,2019,139126,46774,50191,6714,29322,14277,15282,196899
18,2020,138697,50737,51610,9,31331,13982,14280,156044
18,2021,142235,55217,54813,11,32665,14529,13990,157254
18,2022,144125,59182,55225,11,34380,13936,12985,159035
18,2023,144623,62737,55994,5,34628,13610,12204,158917
18,2024,136487,62179,52773,6,33777,12416,11628,149273
19,2013,106151,12047,18632,464,21453,10892,5780,146943
19,2014,111351,14446,22268,930,24159,12343,6410,155134
19,2015,116443,17742,27409,1492,27944,13504,6904,160354
19,2016,115628,26158,54950,2363,25040,23501,11486,147167
19,2017,101763,10633,25688,862,9784,11540,6380,120980
19,2018,189347,51637,58859,0,38113,16984,13258,251108
19,2019,263112,88723,78295,0,45945,18500,14212,339940
19,2020,236041,22788,20862,0,4711,6501,7158,308522
19,2021,306017,100825,78811,0,44528,18300,14028,390989
19,2022,309212,114594,78009,0,48924,19477,14353,392904
19,2023,308139,120440,77128,0,47940,20145,14806,533840
19,2024,293301,112980,70761,0,45547,19077,14685,376267
20,2013,84636,15302,22004,5,15717,17458,8453,-80492
20,2014,80991,9758,14109,1,8452,11274,6232,-218026
20,2020,146152,33230,47537,8289,30709,15837,8746,172995
20,2021,61605,18271,22412,4328,15340,5510,3558,69750
20,2022,56420,17650,20661,4307,13978,4781,3267,64148
20,2023,39981,12173,14185,3254,10173,3279,2354,58230
20,2024,27186,7938,8550,2103,7303,2239,1990,42933
21,2013,161441,32158,47148,5406,29664,30837,12596,317185
21,2014,158086,33196,46683,5420,29449,30500,12647,302980
21,2015,160096,35647,47460,5429,30405,30853,12524,306967
21,2016,155014,37083,45617,7378,30160,23086,11492,277387
21,2017,155192,37719,45890,28484,31081,13618,11930,273572
21,2018,157732,38815,47461,29530,33793,13800,12214,288927
21,2019,165999,38895,46028,38851,36053,13109,11956,309244
21,2020,156223,37285,43166,36569,35463,12058,11274,280021
21,2021,146394,38007,42937,34061,34497,12208,11114,262377
21,2022,150362,40653,42492,33354,36275,11744,11046,252655
21,2023,144980,41298,40608,30251,33475,11167,10794,266384
21,2024,141549,41857,39169,30013,31730,10803,10889,257327
22,2013,51153,4937,15791,2,2591,9640,8558,-233261
22,2014,45373,3663,16919,0,2215,10578,9064,-174209
22,2015,43831,3948,15014,0,2278,9606,8132,-180580
22,2016,34508,2723,7770,0,1520,4742,5087,-173327
22,2017,49302,4272,9910,0,2431,4577,5156,-255891
22,2018,39413,3974,9292,0,1935,3858,4805,-136524
22,2019,36271,2926,7628,0,1601,3406,4460,-118673
22,2020,35891,3907,6656,0,1907,3228,3935,-125819
22,2021,41249,5265,7669,1,2371,3419,3727,-157815
22,2022,43741,6043,7937,1,2675,3302,3832,-161899
22,2023,44129,6648,8122,1,2944,3500,4247,-129673
22,2024,40192,5789,6416,1,2452,2996,4131,-123493
23,2013,71236,16154,19392,3718,18723,11494,3812,171459
23,2017,49502,4573,7157,1671,5272,4247,1342,-445518
23,2024,68226,27060,14053,2,17420,5009,3593,108549
24,2013,153768,18444,41130,1460,25750,33673,14262,315801
24,2014,165346,21816,45592,2037,27401,35091,14937,342549
24,2015,185306,27859,54015,2372,30402,31773,15496,399520
24,2016,202972,31953,52249,51,30948,24813,15876,485942
24,2017,201718,36750,57315,3292,34615,26026,16325,483707
24,2018,213605,41598,61456,3,38052,27611,16784,381221
24,2019,226003,45767,66735,2,41019,28829,16967,408083
24,2021,221241,41234,63349,270,38641,28156,16025,409340
24,2022,239527,51596,69094,324,42462,30296,16355,417399
24,2023,260133,58117,75696,439,43240,31387,17245,432428
24,2024,271088,64962,82405,706,45827,31814,15956,457303
25,2013,29226,2736,5232,4,5461,7722,10987,48144
25,2014,32046,3221,6126,0,5858,8129,11514,56003
25,2015,33556,3453,6302,0,6271,8669,11619,60242
25,2016,33921,1371,2321,0,2263,1710,3012,58258
25,2017,31659,2116,3399,0,2877,2352,3948,55201
25,2018,26383,2074,2414,0,1591,1929,3569,38792
25,2019,26275,1922,2184,0,1467,1755,3452,38828
25,2020,24755,1408,1644,0,1135,1497,3153,35439
25,2021,24382,2696,3024,1,2005,2515,4515,37759
25,2022,24382,2694,3024,2,2007,2514,4525,36911
25,2023,25399,3232,3530,3,2307,2910,5405,37212
25,2024,25399,3234,3529,2,2301,2908,5408,39597
26,2017,185060,35443,49126,10649,24117,29125,30992,140953
26,2018,239025,48248,67792,13483,35892,37044,36967,180447
26,2019,237713,49528,68799,9603,41567,36057,35589,184653
26,2020,235388,47559,64052,7463,42344,34119,36288,293613
26,2021,289574,59727,84770,7962,53830,43128,44593,342663
26,2022,277978,56949,79337,6787,52403,40428,42701,354203
26,2023,295361,65541,87757,5583,59324,42666,44086,400523
26,2024,281677,67216,84279,3797,57488,41254,42685,448066
27,2014,205841,62523,85364,1153,57723,29550,20108,452942
27,2015,225786,74424,94493,1261,65177,30321,20586,488818
27,2016,259024,86843,100671,1195,72485,27503,20655,562068
27,2017,270651,103969,97893,135,75765,21824,21353,578186
27,2018,287962,126748,121472,482,101008,29127,24123,540728
27,2019,287670,134816,113174,40,99365,22369,21987,556084
27,2020,318448,147720,126050,120,107503,24970,25215,590144
27,2021,312825,151382,123697,141,105480,24054,24802,576205
27,2022,345102,177153,137153,109,123065,25221,25979,644368
27,2023,504291,269520,198734,92,187659,32918,32212,999203
27,2024,358860,205579,144266,27,138503,23521,23385,719849
28,2013,87379,6673,23893,5864,8179,12337,10865,75163
28,2014,85962,3824,12219,3800,5332,6382,4273,-275669
28,2015,90279,6385,22296,4279,7318,11502,12091,56218
28,2016,83432,17299,21170,7267,8324,10983,10821,10934
28,2017,73867,8912,17869,7291,8004,7814,8002,99238
28,2018,85449,12977,24483,12549,10821,10400,10993,117800
28,2019,87406,14302,25557,13235,11475,10529,11308,119359
28,2020,102061,17733,29868,14894,14276,12180,14580,-50837
28,2021,95785,18254,28090,13566,14309,10727,14442,107432
28,2022,112267,22956,33400,15963,18029,12248,15783,126268
28,2023,125196,26639,37116,17681,20889,13219,16593,149854
28,2024,138751,31100,41025,19423,23228,14560,17928,165626
29,2013,75707,5279,23144,6,7022,19703,14409,84914
29,2014,74670,5315,23185,2,7038,19400,14185,81430
29,2015,75472,6242,23331,5,7607,19233,14234,72717
29,2016,76268,9744,22786,0,4516,15717,13989,18027
29,2017,77497,11101,24993,0,5629,16098,14530,62017
29,2018,76409,11388,25766,0,6156,15298,14402,63842
29,2019,80771,12552,27663,0,7086,15626,14750,65529
29,2020,82117,10945,25148,0,6638,13223,13250,43366
29,2021,82407,28622,37806,1272,16460,14625,16615,93187
29,2022,75307,27037,32200,551,15480,14557,14044,96992
29,2023,67448,25450,27901,341,13698,12337,12507,89280
29,2024,77310,31481,32508,423,15921,13999,13648,101176
30,2013,41812,7173,12922,2294,8214,6957,3864,77802
30,2014,43792,8037,13400,2485,9065,6909,3873,83385
30,2015,46288,9174,14354,2723,10268,6961,3903,90486
30,2016,38476,7396,9908,1685,7731,5042,2878,81760
30,2017,50515,13164,14843,442,11720,4991,3300,101214
30,2018,63050,24103,20749,95,15931,5865,3973,120105
30,2019,71770,27337,23291,32,14438,6694,4032,-163805
30,2020,74413,29740,23194,118,14165,6423,4009,147990
30,2021,71754,31386,23372,33,15072,6013,3548,144504
30,2022,80222,35550,30320,205,16052,7289,4454,162527
30,2023,76988,35669,20630,5,16014,6472,4312,155001
30,2024,70479,30625,16554,12,13806,5626,4040,141864
31,2013,22040,3339,6997,4,4296,6089,3447,33652
31,2014,22578,3659,7207,22,4665,5988,3346,35875
31,2015,19441,3698,6354,1,4411,5197,2369,32371
31,2016,19739,3754,5876,1,3883,3889,2115,31800
31,2017,21927,4267,6573,3011,4073,4092,2361,40008
31,2018,24983,4648,6801,3750,4366,3995,2438,64056
31,2019,26280,4589,7126,2768,4060,3771,2568,-4710
31,2020,29728,4718,7122,2977,4267,3830,2672,-37312
31,2021,24778,4975,6866,2820,3994,3493,2365,-4103
31,2022,22277,4371,5872,2401,3525,3007,2109,-15972
31,2023,19525,4302,5482,2117,3819,2668,2065,-6220
31,2024,20056,4622,5616,2328,4107,2668,2017,7365
32,2013,29196,4643,8582,9293,3689,7752,5626,-71419
32,2014,30358,4855,8649,8981,3806,7552,5649,-78365
32,2015,28589,4818,7826,7823,4140,6903,5908,-73241
32,2016,23945,2023,2251,3253,1833,1165,2017,-64169
32,2017,20535,2061,2377,3243,2020,1162,2074,-41746
32,2018,19635,1988,2180,2825,1930,1045,2033,-41320
32,2019,18937,2199,2053,2538,2024,995,2045,-50445
32,2020,16416,2240,2394,1806,1930,1124,2323,-29725
32,2021,15938,1872,2379,1651,1700,1106,2530,-34578
32,2022,18398,1674,1826,1382,1421,911,2187,-82364
32,2023,15970,1612,1423,1353,1264,842,2023,-42190
32,2024,24001,3352,2345,1121,4190,1117,3043,-11679
33,2021,44643,11512,11664,60,12371,2978,3107,62049
33,2022,44453,13952,12388,60,13695,3316,3516,59074
33,2023,43584,13788,11628,49,13062,3170,3486,56960
33,2024,40897,13605,11539,43,12547,3376,3649,49233
34,2013,324221,26597,68548,34928,45678,29580,31435,140076
34,2014,324940,27204,66938,33283,44848,28889,30918,80630
34,2015,325102,26606,66067,31902,42744,27724,30549,86649
34,2016,323392,1755,2085,1149,4080,638,157,82904
34,2017,402469,32461,79018,39462,55179,32789,40500,406987
34,2018,421376,34794,80705,39789,60219,33127,40025,395833
34,2019,427465,35496,80761,39347,61673,32533,39099,440545
34,2020,415832,35107,79777,38823,61395,31668,37507,439199
34,2021,418437,35648,81095,39166,63424,30589,37027,470393
34,2022,410142,33535,76806,36811,61156,29307,33721,430473
34,2023,412907,36888,78629,37435,66745,29550,33920,416441
34,2024,161705,24887,27983,972,30823,13022,13914,18632
35,2013,80772,12816,21057,12960,27107,12100,5461,172998
35,2014,93300,12225,19593,12317,26662,11830,6278,209613
35,2015,121603,16804,25515,18628,29996,12884,5558,284265
35,2016,131220,24028,29455,22948,37560,12108,6462,241241
35,2017,147669,32520,35644,32278,44343,12933,8585,238484
35,2018,149503,28379,27678,30637,31907,9598,7253,270023
35,2019,203037,43905,40546,44994,48112,12524,9420,329277
35,2020,179627,41553,35559,32282,43583,9927,7086,297062
35,2021,199859,49994,41457,43719,47043,12707,9141,220281
35,2022,214352,54032,41280,45444,49621,13165,9603,321692
35,2023,214434,56721,39341,46038,47717,13148,9888,331747
35,2024,210251,55868,37132,45207,44663,12808,9124,331426
36,2013,53000,4782,10233,1,7610,10855,20837,73371
36,2014,53505,5121,10366,0,8062,10875,20393,74657
36,2015,54524,6304,11001,28,8263,8685,20107,75453
36,2016,56968,9566,13745,577,11581,10655,20853,77945
36,2017,58040,7292,11738,8,11641,7293,20559,78616
36,2018,57929,7456,11860,18,12493,7077,20500,77252
36,2019,57523,7531,11748,2,13270,6731,20131,77260
36,2020,55997,7614,11294,0,14032,6359,19829,74973
36,2021,47354,6683,9632,4,11296,5606,18563,60372
36,2022,48184,7020,9578,5,12399,5431,18257,63599
36,2023,47577,7128,9018,2,13091,5182,17907,64102
36,2024,48219,7283,8799,2,14186,5126,18022,65713
37,2013,223440,36856,80772,1,39809,59405,27055,448200
37,2014,219448,37789,77060,0,38930,59961,26871,390437
37,2015,225452,44644,87229,0,43282,58042,27901,389218
37,2016,138079,20609,41795,1,18913,23685,14131,-264586
37,2017,142665,25403,54747,1,25579,30223,20452,245412
37,2018,101046,21286,39030,0,21510,19575,16043,172833
37,2019,107091,22645,41676,11,24185,20051,16273,179855
37,2020,109011,22500,41650,1,24653,19467,16114,181036
37,2021,101155,21357,37562,0,22926,18097,16359,165593
37,2022,96501,21043,35281,0,21686,17439,16338,157735
37,2023,89694,20371,32959,5,20218,16118,14707,147764
37,2024,69932,15515,25898,5,15068,12581,11205,113925
38,2013,15012,4038,4891,37,2200,1985,1660,35215
38,2014,14533,4297,4851,20,2109,1989,1708,33679
38,2015,14943,4334,4970,35,2146,1853,1715,34743
38,2016,14842,3225,3757,72,1487,1489,1562,34437
38,2017,13978,2566,2893,54,1102,1265,1446,31615
38,2018,13866,2185,2485,2,940,1106,1350,31216
38,2019,15143,3549,3428,0,1914,1038,1458,34848
38,2020,14382,3870,3621,0,2546,1073,1494,33429
38,2021,10979,3714,3324,0,2465,1132,1798,21589
38,2022,11718,3736,3034,0,1999,976,1745,24881
38,2023,10437,3556,2637,0,1157,809,1677,21200
38,2024,9990,3837,2640,0,764,763,1657,19882
39,2013,323540,25819,72782,24348,52471,47635,27186,490176
39,2014,372965,32596,86021,38260,58687,54185,29638,825159
39,2015,415094,54434,103346,36341,72860,62300,29917,914040
39,2016,430145,55571,104869,38652,77722,56295,30293,879782
39,2017,531703,89315,110388,807,98577,51921,38931,1229711
39,2018,482098,99442,128457,433,103494,56633,42138,1146371
39,2019,579276,135479,167916,406,142481,68638,48115,1183009
39,2020,515398,110590,125992,462,107555,54714,39571,1135143
39,2022,74431,21397,22223,1403,25279,7797,7679,-632623
39,2023,92622,26951,27752,1674,32309,8927,8305,-793431
39,2024,105638,32093,31219,2126,35785,10208,9336,-915758
40,2013,77409,12418,28511,7,10774,19026,10378,28708
40,2014,79751,11742,26549,2,11673,17030,9162,-291246
40,2015,74836,9879,22845,2,10550,13998,7648,-79375
40,2016,92310,13482,30837,2,13887,12892,9926,-80354
40,2017,96368,14873,32947,6,15252,11884,10258,-56062
40,2018,101831,16679,34585,0,18451,11315,10426,-16664
40,2019,106638,15669,36137,1,19507,10904,10444,-22117
40,2020,109073,16714,37557,5,20899,10586,10433,-26373
40,2021,109149,18264,37914,8,24716,10091,10518,-18105
40,2022,117894,21981,39194,8,28256,10115,10801,-53504
40,2023,125410,22084,35151,7,24816,9622,10859,-90120
40,2024,130664,24000,33997,16,25207,9618,10687,-52849
41,2013,129245,15110,21049,153,29898,9398,9609,-1163205
41,2014,120564,13446,20078,4934,29202,6542,7472,1413
41,2015,131581,20626,30181,2,36214,11163,10848,-84948
41,2016,126319,25007,30593,6576,48857,11025,11679,208370
41,2017,126493,38685,34196,27,48979,11062,12955,197354
41,2018,134743,39619,37476,12,51858,11584,12776,210145
41,2019,142930,55015,46379,22,58644,13085,13382,208216
41,2020,145434,57602,45303,30,54544,12515,13143,228679
41,2021,158881,52029,41838,2,59414,11164,12581,244130
41,2022,171650,71679,50629,28,65930,13103,13253,223871
41,2023,183132,66871,44836,3,62922,12344,13062,286875
41,2024,142422,50624,34699,29,43967,9607,11649,222203
42,2013,646605,34430,95517,77703,51326,50725,20028,635739
42,2014,615570,38721,112624,82275,52588,70719,35737,769017
42,2016,543618,54020,131073,1,65821,81364,39539,1112375
42,2017,573439,75269,145963,28,79227,74251,41393,1142225
42,2018,565437,85569,141118,22,85879,57435,40320,1144251
42,2019,586913,94745,144236,16,94902,56776,40282,1193901
42,2020,603630,99058,145628,8,96112,57475,40902,1219915
42,2021,571346,89286,134097,27,92316,53022,39574,1144482
42,2022,536139,102142,130779,24,87431,52804,39559,1047029
42,2023,524876,112368,127991,31,94174,50129,37197,1028277
42,2024,601484,124403,124717,16,97627,49156,36128,1251320
44,2013,32147,5101,7716,111,5416,5554,2495,-47316
44,2014,30732,4606,6454,96,4873,4630,2095,-66977
44,2015,32061,3867,5943,112,4276,3700,1753,-113751
44,2016,31643,6200,9912,3,6014,3545,3975,-33025
44,2017,31249,6815,10575,2,6358,3639,3961,-17773
44,2018,30383,8451,10680,5,3960,3614,4078,-18586
44,2019,31478,10292,12771,4,5120,4058,4340,20189
44,2020,30930,10145,12585,5,5274,4014,4343,20262
44,2021,29613,9455,11893,3,7945,3765,4311,18695
44,2022,30449,9958,11842,8,8414,3688,4288,19035
44,2023,28664,9301,11214,10,7827,3390,4128,25636
44,2024,29533,10047,11172,7,8594,3313,4110,27419
45,2013,79301,11777,22706,14464,12215,14221,15872,93221
45,2014,80982,13013,23636,14788,13330,14406,16057,110060
45,2015,83286,14142,24882,12129,13784,13949,15762,37771
45,2016,85254,15270,24541,10925,14127,11525,15417,53163
45,2017,85754,16213,24412,10693,15407,10859,15374,36387
45,2018,87192,17958,25661,12848,18170,11402,16486,121794
45,2019,99514,21160,29818,15201,22831,12413,17343,142007
45,2020,99755,22884,29932,15204,25245,12156,17320,143379
45,2021,96744,24879,30620,15855,26079,12349,17598,136045
45,2022,98369,27217,31363,16791,28345,12563,17502,139930
45,2023,95160,27782,29952,16779,28029,12114,17219,135162
45,2024,93158,27114,29004,17116,28565,11399,17012,131851
46,2013,14438,1009,3467,132,3355,1806,1689,9920
46,2014,14817,1115,3582,147,3493,1835,1645,10400
46,2015,15928,1224,3924,116,3800,1898,1806,8306
46,2016,16055,1260,3527,61,3831,1584,1477,11200
46,2017,15726,1409,3522,53,3556,1486,1417,12319
46,2018,16278,1608,3847,56,3942,1504,1449,14219
46,2019,16207,1636,3861,55,4083,1440,1385,14192
46,2020,15806,1694,3621,47,4120,1349,1345,13217
46,2021,15545,3397,4519,826,3602,1065,1369,14580
46,2022,18859,4602,5272,1363,4706,1222,1593,13649
46,2023,13187,3729,3382,825,3977,716,672,11250
46,2024,12605,3832,3256,634,3405,676,629,14802
47,2013,95636,21005,35277,98,12331,28525,9002,48400
47,2014,111265,22330,43203,54,14237,34486,14427,150696
47,2015,115168,17574,36614,34,11911,27499,11194,187871
47,2016,118609,15541,30978,19,11551,16202,8977,-276393
47,2017,108269,14851,27912,0,9823,15107,8896,-304409
47,2018,117555,16799,28087,0,12158,14828,8890,-417097
47,2019,112426,17637,28723,0,13987,13346,8450,-355662
47,2020,98452,16471,27004,0,13856,12487,8157,-259019
47,2021,101229,14603,27375,1,13213,12686,7997,-248299
47,2022,80776,7430,17483,0,6259,9005,6550,-282371
47,2023,87211,10612,18807,0,8007,9903,6774,-287539
47,2024,89471,10658,18307,2,8667,10015,7489,-287427
48,2013,311228,30951,75719,2,24892,78721,48970,165760
48,2014,324439,33939,77023,4,25360,77845,49354,150204
48,2015,348147,28878,62646,1,21919,56074,32423,183537
48,2016,368722,45125,88940,1,35382,68914,51062,192330
48,2017,379956,50601,94960,2,40640,69243,52436,258864
48,2018,400154,59723,98615,1,47674,69142,52057,271211
48,2019,416338,71035,104722,1,55038,73348,53980,289131
48,2020,415350,80961,108383,0,59387,73802,54063,286498
48,2021,425546,91382,116458,1,62699,76276,54111,297648
48,2022,443826,102540,113308,0,68055,74051,54186,308836
48,2023,455740,105798,115456,1,67824,72476,54665,304097
48,2024,451335,107361,113318,2,67401,70302,55205,310039
49,2013,45809,13726,14255,7,8370,7870,5575,79526
49,2014,48567,14052,13975,3,8976,7683,5493,64472
49,2015,51080,14764,14891,449,10094,7808,5567,61437
49,2016,53708,17001,14473,4695,9539,4550,5540,74590
49,2017,55525,18505,15021,157,10009,4398,5622,72683
49,2018,56095,19360,15427,22,10104,4482,5820,66655
49,2019,56224,19911,15903,159,10349,4477,5940,64592
49,2020,57456,21524,16792,160,10881,4662,6070,60442
49,2021,57477,22608,18232,159,11155,4873,6240,71561
49,2022,60234,24223,19288,171,12064,5120,6288,71411
49,2023,60390,25478,19354,202,12000,5041,6236,67659
49,2024,59990,25685,18535,17,12098,4898,5977,67913
50,2013,24435,3376,5421,213,7552,2008,1728,-109993
50,2014,24613,3371,4847,31,6999,1826,1334,-119335
50,2015,24580,3041,4240,40,6554,1640,1216,-126493
50,2016,31244,3697,4521,2945,7887,1265,1787,-256490
50,2017,30924,4026,4806,3211,8601,1351,1822,-260710
50,2018,31263,4387,5125,6921,9585,1382,1862,-269461
50,2019,31333,4719,5293,6610,9822,1413,1902,-274570
50,2020,27451,4894,5157,2924,9848,1334,1848,-244957
50,2021,27541,5561,5199,3253,9399,1362,1876,-246907
50,2022,27314,5965,5251,3406,10106,1285,1821,-245404
50,2023,25989,5869,4919,3228,9656,1264,1777,-233665
50,2024,24334,5753,4413,2871,9628,1211,1800,-218708
51,2013,109699,21420,36816,0,19027,29159,22616,106341
51,2014,112577,24325,38013,0,20662,30817,23220,105804
51,2015,115824,25872,39560,0,22202,31248,23595,108438
51,2016,117415,27238,38214,15,21887,22568,23761,97352
51,2017,122624,28848,40101,24,24114,22267,24135,81050
51,2018,123101,31448,42710,26,27846,23457,24794,88004
51,2019,126089,33721,45582,27,30359,24273,25830,118001
51,2020,128670,35938,46988,25,31910,24782,26175,125905
51,2021,126598,38925,46695,26,31576,24385,26769,126836
51,2022,123936,39852,45637,25,32732,23320,25999,102142
51,2023,122409,40402,44140,16,32341,22511,25919,89755
51,2024,121950,41471,42775,25,33003,22119,25813,87381
53,2013,147977,18866,49808,8036,31492,21971,19173,-32203
53,2014,70456,8716,23118,4693,14278,12829,15757,15405
53,2015,75828,10145,26390,5238,15608,13574,16795,16050
53,2016,77977,12286,23341,4645,15019,10026,13360,32431
53,2017,97485,19037,27528,8633,21018,10091,14703,76189
53,2018,107734,23761,31212,9185,25752,11197,16133,87482
53,2019,166834,40849,44280,15515,36360,13792,18288,46904
53,2020,245503,62518,59142,22473,47077,16421,19557,-77896
53,2021,305627,78489,69026,23611,51680,17857,20201,-226881
53,2022,367790,98671,74634,26354,61617,19186,20912,-327593
53,2023,350625,107168,77139,27813,65257,20232,21740,-571664
53,2024,279341,89370,62050,25126,51306,17348,20635,224604
54,2018,50605,17560,16900,7872,6020,6935,2491,32914
54,2021,18589,5439,3380,4271,1736,846,445,-18021
54,2022,14924,5071,3493,2714,1683,1220,678,-3590
54,2023,7759,2971,2541,1245,1111,1020,627,131
54,2024,5794,2261,1894,1585,1122,590,305,-11850
55,2013,97812,10994,27942,2472,14089,18128,16435,142036
55,2014,100684,11799,28280,2122,14502,18019,16453,188892
55,2015,72929,7984,16621,1189,9871,11952,10921,151309
55,2016,77345,9796,16012,931,9760,10814,10865,158683
55,2017,65079,11155,12009,365,7449,6322,8860,131053
55,2018,71193,12467,12193,241,7813,6215,9431,142222
55,2019,74279,13122,12139,171,7812,6209,9745,148838
55,2020,75905,14681,12820,163,7856,5981,9739,153990
55,2021,69845,13153,12346,144,7286,5736,9450,135879
55,2022,70546,13555,12180,311,7042,5469,8925,144798
55,2023,68232,13931,11720,35,6891,5474,8645,131778
55,2024,67755,14625,11134,27,6673,5048,8045,131763
56,2013,16582,3068,5555,2,3973,2368,870,35819
56,2014,17142,3583,5860,1,4098,2489,1050,34996
56,2015,17798,3803,6032,0,4279,2488,1049,35759
56,2016,17921,4053,5935,0,4492,2178,1036,35247
56,2017,17365,4105,5511,0,4177,1707,1031,34087
56,2018,16256,4150,5625,1,3893,1673,1034,30352
56,2019,16710,4769,5876,0,4022,1717,1042,28946
56,2020,16169,4636,5858,0,3864,1673,1084,27733
56,2021,14233,4420,5175,0,3471,1569,1019,24449
56,2022,14072,4813,5086,0,3557,1444,973,24255
56,2023,13303,4555,4431,0,3269,1273,930,23368
56,2024,10440,3355,3426,0,2520,1117,821,18386
72,2014,21387,3,5,0,3,0,2,21651
72,2015,23194,5,16,11,7,4,8,35158
72,2016,17567,5,17,11,7,4,7,27425
72,2017,25529,156,468,409,129,131,304,21301
72,2018,2918,325,851,617,149,235,701,3985
72,2019,3947,352,883,697,160,288,1316,4192
72,2020,3126,288,604,446,84,230,1377,3937
72,2021,8174,166,510,492,142,214,1565,8755
72,2022,2653,182,363,233,140,151,1228,3960
72,2023,3589,243,601,67,271,228,1499,4075
72,2024,3912,373,673,4,414,257,1476,4577
99,2013,206,10,28,20,11,9,24,438
99,2014,182,2,17,20,5,6,24,456
99,2015,175,2,10,26,5,6,14,150
99,2016,376,12,22,48,11,19,99,182
99,2017,389,9,20,63,21,15,87,55
99,2018,392,10,19,103,8,5,116,374
99,2019,526,19,35,125,35,18,95,677
99,2020,594,29,37,93,48,32,141,513
99,2021,755,52,74,83,89,26,150,403
99,2022,853,54,88,75,84,23,149,122
99,2023,727,56,114,63,37,29,145,-621
99,2024,340,49,106,0,29,27,114,544
